month,rows_before,duplicates_removed,rows_after
2022-12,30278,31,30247
2023-01,172201,0,172201
2023-02,159140,0,159140
2023-03,186489,0,186489
2023-04,161516,0,161516
2023-05,151383,0,151383
2023-06,172747,0,172747
2023-07,188093,0,188093
2023-08,177237,0,177237
2023-09,166250,0,166250
2023-10,188758,0,188758
2023-11,167063,0,167063
2023-12,151333,0,151333
2024-01,187846,0,187846
2024-02,161628,0,161628
2024-03,168238,0,168238
2024-04,189804,0,189804
2024-05,201504,0,201504
2024-06,179903,0,179903
2024-07,197861,0,197861
2024-08,169950,0,169950
2024-09,205110,0,205110
2024-10,207645,0,207645
2024-11,192038,0,192038
2024-12,206061,0,206061
2025-01,205871,0,205871
2025-02,177864,0,177864
2025-03,207995,0,207995
2025-04,191150,0,191150
2025-05,213227,0,213227
2025-06,184864,0,184864
2025-07,234656,0,234656
2025-08,253372,0,253372
2025-09,213458,0,213458
2025-10,244470,0,244470
2025-11,238446,0,238446
2025-12,239910,0,239910
