item_code,item,unit,observations,recorded_days,premises
2066,BERAS PUTIH CAP FAIZA EMAS (IMPORT),10 kg,2310,12,874
904,BERAS SUPER CAP RAMBUTAN 5% (IMPORT),10 kg,1219,11,441
2068,BERAS CAP JASMINE SUPER 5 SPECIAL (IMPORT),10 kg,1973,9,755
917,"TEPUNG GANDUM NGP (BERBUNGKUS, CAP SAUH)",1kg,4528,6,1634
1583,BERAS SUPER CAP JATI TWR  5% (IMPORT),10 kg,652,6,264
1431,DAGING LEMBU TEMPATAN (BAHAGIAN 1 DAGING PAHA (KECUALI BATANG PINANG - TENDERLOIN),1kg,279,6,103
1432,DAGING LEMBU TEMPATAN (BAHAGIAN 2 DAGING PEJAL (KECUALI BATANG PINANG - TENDERLOIN),1kg,265,6,98
1870,"TEPUNG GANDUM NGP (BERBUNGKUS, CAP  FAIZA)",1kg,2059,4,737
1145,NESTLE CERELAC BERAS - TIN,500 g,3482,3,1217
1951,BERAS PREMIUM CAP 3A BOY (SUPER IMPORT),10 kg,431,3,152
1825,BERAS SUPER SAZARICE CAP ANGGUR (BERAS PUTIH IMPORT ),10 kg,374,3,153
1826,BERAS SUPER SAZARICE CAP RODA (BERAS PUTIH IMPORT),10 kg,368,3,151
1833,BERAS PREMIUM CAP UNCLE TAN (SUPER IMPORT),10 kg,361,3,128
1827,"TEPUNG GANDUM NGP (BERBUNGKUS, CAP MUHIBAH)",1kg,272,3,115
1582,BERAS CAP JASMINE (SST5%),10 kg,183,3,116
1823,BERAS TKC SABAH CAP TQR 5%,10 kg,107,3,47
1832,BERAS CAP BAO-BAO GOLDEN SARAWAK (SUPER IMPORT),10 kg,94,3,35
1913,DAGING LEMBU IMPORT (BLOCK),1kg,87,3,40
1445,BERAS CAP FAIZA EMAS (SST5%),10 kg,80,3,46
992,BERAS CAP JATI (SST5%),10 kg,73,3,49
1822,BERAS PUTIH IMPORT SABAH RICE VAGAS TOKOU,10 kg,69,3,35
1824,BERAS TKC SUPER HUMA CAP KELISA EMAS (SABAH),10 kg,69,3,33
1373,DAGING LEMBU IMPORT (KNUCKLE),1kg,55,3,24
1371,DAGING LEMBU IMPORT (BLADE),1kg,49,3,19
1370,DAGING LEMBU IMPORT (TOPSIDE),1kg,28,3,17
1372,DAGING LEMBU IMPORT (CHUCKTENDER),1kg,23,3,13
2036,TEPUNG GANDUM CAP KUDA HIJAU,1kg,21,3,9
1491,BERAS PULUT THAILAND (SUSU) PELBAGAI JENAMA,1kg,17,3,9
1492,BERAS PULUT THAILAND (BIASA) PELBAGAI JENAMA,1kg,14,3,8
1581,BERAS CAP RAMBUTAN (SST5%),10 kg,14,3,7
2004,BERAS SUPER IMPORT CAP FAMILY,10 kg,6,3,2
1474,BERAS BASMATHI - FAIZA (KASHMIR),5 kg,0,0,0
1591,TEPUNG BERAS (PELBAGAI JENAMA),500 g,0,0,0
1593,TEPUNG GANDUM GP (BERBUNGKUS) PELBAGAI JENAMA,1kg,0,0,0
1629,NESTLE CERELAC BERAS MERAH & SUSU - TIN,350 g,0,0,0
1902,BERAS SAZARICE SUPER WR (BERAS PUTIH IMPORT),10 kg,0,0,0
1903,BERAS KELAS MAHIR SUPER IMPORT RICE (5%),10 kg,0,0,0
