item_code,item,unit,observations,recorded_days,premises,states,premise_types
1,AYAM BERSIH - STANDARD,1kg,20180,23,1182,16,6
1111,TELUR AYAM GRED C,30 biji,14829,23,1272,16,6
992,BERAS CAP JATI (SST5%),10 kg,73,3,49,9,3
918,MINYAK MASAK PAKET (PELBAGAI JENAMA),1kg,2073,6,884,16,6
1589,GULA PUTIH BERTAPIS KASAR (PELBAGAI JENAMA),1kg,5539,6,1923,16,6
1593,TEPUNG GANDUM GP (BERBUNGKUS) PELBAGAI JENAMA,1kg,0,0,0,0,0
129,BAWANG BESAR KUNING/HOLLAND,1kg,26576,23,1856,16,6
1564,BAWANG PUTIH IMPORT (CHINA),1kg,26317,23,1837,16,6
1131,UBI KENTANG IMPORT (CHINA),1kg,23091,23,1647,16,6
94,CILI MERAH - MINYAK,1kg,17096,23,1149,15,6
114,TOMATO,1kg,25059,23,1617,16,6
103,SANTAN KELAPA SEGAR (BIASA),1kg,951,6,339,14,6
1370,DAGING LEMBU IMPORT (TOPSIDE),1kg,28,3,17,6,5
1555,UDANG PUTIH/VANNAMEI (TERNAK) (ANTARA 41 HINGGA 60 EKOR SEKILOGRAM),1kg,16553,23,1146,16,6
193,SARDIN CAP KING CUP (SOS TOMATO),425 g,2829,5,1015,16,6
