month,rows_before,rows_after,unmatched_items,unmatched_premises,missing_states,missing_retailer_types,flagged_prices
2022-12,30247,30247,0,0,0,0,0
2023-01,172201,172201,0,0,0,0,4
2023-02,159140,159140,0,0,0,0,3
2023-03,186489,186489,0,0,0,0,2
2023-04,161516,161516,0,0,0,0,8
2023-05,151383,151383,0,0,0,0,1
2023-06,172747,172747,0,0,0,0,0
2023-07,188093,188093,0,0,0,0,0
2023-08,177237,177237,0,0,0,0,2
2023-09,166250,166250,0,0,0,0,3
2023-10,188758,188758,0,0,0,0,1
2023-11,167063,167063,0,0,0,0,3
2023-12,151333,151333,0,0,0,0,7
2024-01,187846,187846,0,0,0,0,6
2024-02,161628,161628,0,21,21,21,4
2024-03,168238,168238,0,0,0,0,11
2024-04,189804,189804,0,0,0,0,16
2024-05,201504,201504,0,0,0,0,118
2024-06,179903,179903,0,0,0,0,32
2024-07,197861,197861,0,0,0,0,2
2024-08,169950,169950,0,0,0,0,3
2024-09,205110,205110,0,0,0,0,12
2024-10,207645,207645,0,0,0,0,1
2024-11,192038,192038,0,0,0,0,9
2024-12,206061,206061,0,0,0,0,21
2025-01,205871,205871,0,0,0,0,13
2025-02,177864,177864,0,0,0,0,5
2025-03,207995,207995,0,0,0,0,9
2025-04,191150,191150,0,0,0,0,9
2025-05,213227,213227,0,0,0,0,6
2025-06,184864,184864,0,0,0,0,5
2025-07,234656,234656,0,0,0,0,9
2025-08,253372,253372,0,0,0,0,8
2025-09,213458,213458,0,0,0,0,8
2025-10,244470,244470,0,0,0,0,53
2025-11,238446,238446,0,0,0,0,179
2025-12,239910,239910,0,0,0,0,14
