item_code,item,unit,observations,recorded_days,premises,month,source_days
1,AYAM BERSIH - STANDARD,1kg,25693,29,1191,2026-08,29
1111,TELUR AYAM GRED C,30 biji,18615,29,1336,2026-08,29
992,BERAS CAP JATI (SST5%),10 kg,107,5,51,2026-08,29
918,MINYAK MASAK PAKET (PELBAGAI JENAMA),1kg,3685,11,1027,2026-08,29
1589,GULA PUTIH BERTAPIS KASAR (PELBAGAI JENAMA),1kg,9185,13,1940,2026-08,29
1593,TEPUNG GANDUM GP (BERBUNGKUS) PELBAGAI JENAMA,1kg,0,0,0,2026-08,29
129,BAWANG BESAR KUNING/HOLLAND,1kg,34271,29,1860,2026-08,29
1564,BAWANG PUTIH IMPORT (CHINA),1kg,33762,29,1844,2026-08,29
1131,UBI KENTANG IMPORT (CHINA),1kg,29356,29,1668,2026-08,29
94,CILI MERAH - MINYAK,1kg,21510,29,1137,2026-08,29
114,TOMATO,1kg,31571,29,1620,2026-08,29
103,SANTAN KELAPA SEGAR (BIASA),1kg,1558,11,366,2026-08,29
1370,DAGING LEMBU IMPORT (TOPSIDE),1kg,40,5,19,2026-08,29
1555,UDANG PUTIH/VANNAMEI (TERNAK) (ANTARA 41 HINGGA 60 EKOR SEKILOGRAM),1kg,21060,29,1149,2026-08,29
193,SARDIN CAP KING CUP (SOS TOMATO),425 g,4794,7,1054,2026-08,29
2066,BERAS PUTIH CAP FAIZA EMAS (IMPORT),10 kg,3960,12,919,2026-08,29
917,"TEPUNG GANDUM NGP (BERBUNGKUS, CAP SAUH)",1kg,7573,12,1712,2026-08,29
1431,DAGING LEMBU TEMPATAN (BAHAGIAN 1 DAGING PAHA (KECUALI BATANG PINANG - TENDERLOIN),1kg,502,12,118,2026-08,29
1,AYAM BERSIH - STANDARD,1kg,20180,23,1182,2026-09,23
1111,TELUR AYAM GRED C,30 biji,14829,23,1272,2026-09,23
992,BERAS CAP JATI (SST5%),10 kg,73,3,49,2026-09,23
918,MINYAK MASAK PAKET (PELBAGAI JENAMA),1kg,2073,6,884,2026-09,23
1589,GULA PUTIH BERTAPIS KASAR (PELBAGAI JENAMA),1kg,5539,6,1923,2026-09,23
1593,TEPUNG GANDUM GP (BERBUNGKUS) PELBAGAI JENAMA,1kg,0,0,0,2026-09,23
129,BAWANG BESAR KUNING/HOLLAND,1kg,26576,23,1856,2026-09,23
1564,BAWANG PUTIH IMPORT (CHINA),1kg,26317,23,1837,2026-09,23
1131,UBI KENTANG IMPORT (CHINA),1kg,23091,23,1647,2026-09,23
94,CILI MERAH - MINYAK,1kg,17096,23,1149,2026-09,23
114,TOMATO,1kg,25059,23,1617,2026-09,23
103,SANTAN KELAPA SEGAR (BIASA),1kg,951,6,339,2026-09,23
1370,DAGING LEMBU IMPORT (TOPSIDE),1kg,28,3,17,2026-09,23
1555,UDANG PUTIH/VANNAMEI (TERNAK) (ANTARA 41 HINGGA 60 EKOR SEKILOGRAM),1kg,16553,23,1146,2026-09,23
193,SARDIN CAP KING CUP (SOS TOMATO),425 g,2829,5,1015,2026-09,23
2066,BERAS PUTIH CAP FAIZA EMAS (IMPORT),10 kg,2310,12,874,2026-09,23
917,"TEPUNG GANDUM NGP (BERBUNGKUS, CAP SAUH)",1kg,4528,6,1634,2026-09,23
1431,DAGING LEMBU TEMPATAN (BAHAGIAN 1 DAGING PAHA (KECUALI BATANG PINANG - TENDERLOIN),1kg,279,6,103,2026-09,23
