month,source_rows,selected_rows,observed_items,observed_days,supporting_rows
2022-12,2467920,30278,15,6,30278
2023-01,2490227,172201,15,29,0
2023-02,2248537,159140,15,27,0
2023-03,2616040,186489,15,31,0
2023-04,2336220,161516,15,26,0
2023-05,2147504,151383,15,24,0
2023-06,2414728,172747,15,28,0
2023-07,2678825,188093,15,30,0
2023-08,2485071,177237,15,29,0
2023-09,2381140,166250,15,28,0
2023-10,2742635,188758,15,30,0
2023-11,2388767,167063,15,28,0
2023-12,2170658,151333,15,24,0
2024-01,2664434,187846,15,31,0
2024-02,2083155,161628,15,28,0
2024-03,2155770,168238,15,28,0
2024-04,2432981,189804,15,28,0
2024-05,2593152,201504,15,31,0
2024-06,2223144,179903,15,28,0
2024-07,2606465,197861,15,30,0
2024-08,2110317,169950,15,26,0
2024-09,2702017,205110,15,29,0
2024-10,2640624,207645,15,31,0
2024-11,2466958,192038,15,28,0
2024-12,2567516,206061,15,30,0
2025-01,2662849,205871,15,29,0
2025-02,2229658,177864,15,26,0
2025-03,2615276,207995,15,30,0
2025-04,2367027,191150,15,28,0
2025-05,2727012,213227,15,29,0
2025-06,2333848,184864,15,27,0
2025-07,2323499,234656,15,30,0
2025-08,1976201,253372,15,31,0
2025-09,1643623,213458,15,28,0
2025-10,1822288,244470,15,31,0
2025-11,1783107,238446,15,30,0
2025-12,1782274,239910,15,30,0
