item_code,item,unit,observations,minimum,p1,median,p99,maximum
1,AYAM BERSIH - STANDARD,1kg,727819,0.86,6.7,8.99,12.0,880.0
94,CILI MERAH - MINYAK,1kg,556184,1.49,6.99,14.9,27.9,71.5
103,SANTAN KELAPA SEGAR (BIASA),1kg,201281,0.55,4.3,8.69,18.0,80.0
114,TOMATO,1kg,916625,0.03,1.9,5.99,12.0,399.0
129,BAWANG BESAR KUNING/HOLLAND,1kg,956751,0.15,1.98,4.8,8.0,660.0
193,SARDIN CAP KING CUP (SOS TOMATO),425 g,111552,4.0,7.69,8.9,10.9,815.0
904,BERAS SUPER CAP RAMBUTAN 5% (IMPORT),10 kg,148835,3.6,28.5,39.5,49.0,56.4
917,"TEPUNG GANDUM NGP (BERBUNGKUS, CAP SAUH)",1kg,172611,0.37,2.88,3.5,4.2,318.0
918,MINYAK MASAK PAKET (PELBAGAI JENAMA),1kg,121167,2.0,2.5,2.5,2.5,30.9
1111,TELUR AYAM GRED C,30 biji,360967,1.0,6.0,11.4,14.7,1140.0
1131,UBI KENTANG IMPORT (CHINA),1kg,818755,0.2,1.65,3.49,6.0,269.0
1431,DAGING LEMBU TEMPATAN (BAHAGIAN 1 DAGING PAHA (KECUALI BATANG PINANG - TENDERLOIN),1kg,99980,19.0,25.0,38.0,65.0,77.9
1555,UDANG PUTIH/VANNAMEI (TERNAK) (ANTARA 41 HINGGA 60 EKOR SEKILOGRAM),1kg,597732,0.28,22.99,32.99,49.9,3599.0
1564,BAWANG PUTIH IMPORT (CHINA),1kg,932047,0.01,5.0,10.9,18.0,100.0
1589,GULA PUTIH BERTAPIS KASAR (PELBAGAI JENAMA),1kg,192775,0.25,2.84,2.85,2.85,282.85
