month,rows,missing_dates,missing_item_codes,missing_premise_codes,missing_prices,infinite_prices,zero_prices,negative_prices,exact_duplicates,repeated_keys,dates_outside_source_month,unexpected_item_codes
2022-12,30278,0,0,0,0,0,0,0,31,31,0,0
2023-01,172201,0,0,0,0,0,0,0,0,0,0,0
2023-02,159140,0,0,0,0,0,0,0,0,0,0,0
2023-03,186489,0,0,0,0,0,0,0,0,0,0,0
2023-04,161516,0,0,0,0,0,0,0,0,0,0,0
2023-05,151383,0,0,0,0,0,0,0,0,0,0,0
2023-06,172747,0,0,0,0,0,0,0,0,0,0,0
2023-07,188093,0,0,0,0,0,0,0,0,0,0,0
2023-08,177237,0,0,0,0,0,0,0,0,0,0,0
2023-09,166250,0,0,0,0,0,0,0,0,0,0,0
2023-10,188758,0,0,0,0,0,0,0,0,0,0,0
2023-11,167063,0,0,0,0,0,0,0,0,0,0,0
2023-12,151333,0,0,0,0,0,0,0,0,0,0,0
2024-01,187846,0,0,0,0,0,0,0,0,0,0,0
2024-02,161628,0,0,0,0,0,0,0,0,0,0,0
2024-03,168238,0,0,0,0,0,0,0,0,0,0,0
2024-04,189804,0,0,0,0,0,0,0,0,0,0,0
2024-05,201504,0,0,0,0,0,0,0,0,0,0,0
2024-06,179903,0,0,0,0,0,0,0,0,0,0,0
2024-07,197861,0,0,0,0,0,0,0,0,0,0,0
2024-08,169950,0,0,0,0,0,0,0,0,0,0,0
2024-09,205110,0,0,0,0,0,0,0,0,0,0,0
2024-10,207645,0,0,0,0,0,0,0,0,0,0,0
2024-11,192038,0,0,0,0,0,0,0,0,0,0,0
2024-12,206061,0,0,0,0,0,0,0,0,0,0,0
2025-01,205871,0,0,0,0,0,0,0,0,0,0,0
2025-02,177864,0,0,0,0,0,0,0,0,0,0,0
2025-03,207995,0,0,0,0,0,0,0,0,0,0,0
2025-04,191150,0,0,0,0,0,0,0,0,0,0,0
2025-05,213227,0,0,0,0,0,0,0,0,0,0,0
2025-06,184864,0,0,0,0,0,0,0,0,0,0,0
2025-07,234656,0,0,0,0,0,0,0,0,0,0,0
2025-08,253372,0,0,0,0,0,0,0,0,0,0,0
2025-09,213458,0,0,0,0,0,0,0,0,0,0,0
2025-10,244470,0,0,0,0,0,0,0,0,0,0,0
2025-11,238446,0,0,0,0,0,0,0,0,0,0,0
2025-12,239910,0,0,0,0,0,0,0,0,0,0,0
