date,premise_code,item_code,price,extreme,item,unit
2025-06-26,424,1,880.0,highest,AYAM BERSIH - STANDARD,1kg
2025-10-05,766,1,80.02,highest,AYAM BERSIH - STANDARD,1kg
2025-12-09,6136,1,17.0,highest,AYAM BERSIH - STANDARD,1kg
2025-10-22,21823,1,0.86,lowest,AYAM BERSIH - STANDARD,1kg
2025-12-28,21036,1,0.89,lowest,AYAM BERSIH - STANDARD,1kg
2025-01-02,21207,1,2.22,lowest,AYAM BERSIH - STANDARD,1kg
2025-08-17,21991,94,71.5,highest,CILI MERAH - MINYAK,1kg
2025-03-10,2450,94,42.89,highest,CILI MERAH - MINYAK,1kg
2025-03-11,2450,94,42.89,highest,CILI MERAH - MINYAK,1kg
2025-07-06,14869,94,1.49,lowest,CILI MERAH - MINYAK,1kg
2023-11-04,2612,94,1.9,lowest,CILI MERAH - MINYAK,1kg
2025-11-22,14759,94,1.95,lowest,CILI MERAH - MINYAK,1kg
2025-05-02,11669,103,80.0,highest,SANTAN KELAPA SEGAR (BIASA),1kg
2024-10-01,16088,103,65.0,highest,SANTAN KELAPA SEGAR (BIASA),1kg
2025-01-02,21207,103,25.55,highest,SANTAN KELAPA SEGAR (BIASA),1kg
2025-01-03,21207,103,0.55,lowest,SANTAN KELAPA SEGAR (BIASA),1kg
2023-01-30,17685,103,0.75,lowest,SANTAN KELAPA SEGAR (BIASA),1kg
2023-02-02,17685,103,0.75,lowest,SANTAN KELAPA SEGAR (BIASA),1kg
2025-09-07,21443,114,399.0,highest,TOMATO,1kg
2025-12-19,11630,114,69.0,highest,TOMATO,1kg
2025-09-30,21618,114,22.99,highest,TOMATO,1kg
2025-07-23,14863,114,0.03,lowest,TOMATO,1kg
2025-12-19,20737,114,0.09,lowest,TOMATO,1kg
2025-07-27,15535,114,0.27,lowest,TOMATO,1kg
2025-11-26,21739,129,660.0,highest,BAWANG BESAR KUNING/HOLLAND,1kg
2025-06-30,21048,129,600.0,highest,BAWANG BESAR KUNING/HOLLAND,1kg
2025-11-16,20694,129,490.0,highest,BAWANG BESAR KUNING/HOLLAND,1kg
2024-12-30,1300,129,0.15,lowest,BAWANG BESAR KUNING/HOLLAND,1kg
2025-10-06,18337,129,0.24,lowest,BAWANG BESAR KUNING/HOLLAND,1kg
2025-12-07,12761,129,0.39,lowest,BAWANG BESAR KUNING/HOLLAND,1kg
2025-04-14,6039,193,815.0,highest,SARDIN CAP KING CUP (SOS TOMATO),425 g
2024-11-04,20957,193,87.9,highest,SARDIN CAP KING CUP (SOS TOMATO),425 g
2025-06-16,20873,193,12.5,highest,SARDIN CAP KING CUP (SOS TOMATO),425 g
2025-04-07,18413,193,4.0,lowest,SARDIN CAP KING CUP (SOS TOMATO),425 g
2024-01-01,17990,193,4.3,lowest,SARDIN CAP KING CUP (SOS TOMATO),425 g
2025-05-19,21174,193,4.3,lowest,SARDIN CAP KING CUP (SOS TOMATO),425 g
2025-07-21,18337,904,56.4,highest,BERAS SUPER CAP RAMBUTAN 5% (IMPORT),10 kg
2024-04-01,17719,904,53.9,highest,BERAS SUPER CAP RAMBUTAN 5% (IMPORT),10 kg
2024-04-01,17909,904,53.9,highest,BERAS SUPER CAP RAMBUTAN 5% (IMPORT),10 kg
2025-05-31,7832,904,3.6,lowest,BERAS SUPER CAP RAMBUTAN 5% (IMPORT),10 kg
2025-06-11,5278,904,3.8,lowest,BERAS SUPER CAP RAMBUTAN 5% (IMPORT),10 kg
2025-01-26,5433,904,3.88,lowest,BERAS SUPER CAP RAMBUTAN 5% (IMPORT),10 kg
2025-01-20,11621,917,318.0,highest,"TEPUNG GANDUM NGP (BERBUNGKUS, CAP SAUH)",1kg
2025-02-10,9548,917,37.7,highest,"TEPUNG GANDUM NGP (BERBUNGKUS, CAP SAUH)",1kg
2025-07-07,21108,917,30.9,highest,"TEPUNG GANDUM NGP (BERBUNGKUS, CAP SAUH)",1kg
2024-07-01,18481,917,0.37,lowest,"TEPUNG GANDUM NGP (BERBUNGKUS, CAP SAUH)",1kg
2023-09-18,18017,917,0.39,lowest,"TEPUNG GANDUM NGP (BERBUNGKUS, CAP SAUH)",1kg
2025-06-05,17980,917,1.79,lowest,"TEPUNG GANDUM NGP (BERBUNGKUS, CAP SAUH)",1kg
2024-04-22,19117,918,30.9,highest,MINYAK MASAK PAKET (PELBAGAI JENAMA),1kg
2025-09-22,21114,918,30.9,highest,MINYAK MASAK PAKET (PELBAGAI JENAMA),1kg
2024-05-13,3531,918,18.9,highest,MINYAK MASAK PAKET (PELBAGAI JENAMA),1kg
2023-04-29,3214,918,2.0,lowest,MINYAK MASAK PAKET (PELBAGAI JENAMA),1kg
2023-04-30,3214,918,2.0,lowest,MINYAK MASAK PAKET (PELBAGAI JENAMA),1kg
2023-09-29,5348,918,2.0,lowest,MINYAK MASAK PAKET (PELBAGAI JENAMA),1kg
2025-06-11,424,1111,1140.0,highest,TELUR AYAM GRED C,30 biji
2025-02-17,5093,1111,1110.0,highest,TELUR AYAM GRED C,30 biji
2025-09-08,18107,1111,19.5,highest,TELUR AYAM GRED C,30 biji
2025-11-01,11925,1111,1.0,lowest,TELUR AYAM GRED C,30 biji
2024-09-02,5377,1111,1.1,lowest,TELUR AYAM GRED C,30 biji
2025-08-21,20768,1111,1.13,lowest,TELUR AYAM GRED C,30 biji
2025-05-03,18253,1131,269.0,highest,UBI KENTANG IMPORT (CHINA),1kg
2025-02-10,17671,1131,248.0,highest,UBI KENTANG IMPORT (CHINA),1kg
2024-11-27,6676,1131,50.0,highest,UBI KENTANG IMPORT (CHINA),1kg
2024-04-17,17101,1131,0.2,lowest,UBI KENTANG IMPORT (CHINA),1kg
2024-12-06,17488,1131,0.29,lowest,UBI KENTANG IMPORT (CHINA),1kg
2025-08-18,11748,1131,0.3,lowest,UBI KENTANG IMPORT (CHINA),1kg
2023-07-20,5678,1431,77.9,highest,DAGING LEMBU TEMPATAN (BAHAGIAN 1 DAGING PAHA (KECUALI BATANG PINANG - TENDERLOIN),1kg
2023-07-21,5678,1431,77.9,highest,DAGING LEMBU TEMPATAN (BAHAGIAN 1 DAGING PAHA (KECUALI BATANG PINANG - TENDERLOIN),1kg
2023-07-23,5678,1431,77.9,highest,DAGING LEMBU TEMPATAN (BAHAGIAN 1 DAGING PAHA (KECUALI BATANG PINANG - TENDERLOIN),1kg
2024-12-23,12000,1431,19.0,lowest,DAGING LEMBU TEMPATAN (BAHAGIAN 1 DAGING PAHA (KECUALI BATANG PINANG - TENDERLOIN),1kg
2024-12-24,12000,1431,19.0,lowest,DAGING LEMBU TEMPATAN (BAHAGIAN 1 DAGING PAHA (KECUALI BATANG PINANG - TENDERLOIN),1kg
2024-12-26,12000,1431,19.0,lowest,DAGING LEMBU TEMPATAN (BAHAGIAN 1 DAGING PAHA (KECUALI BATANG PINANG - TENDERLOIN),1kg
2023-08-19,17774,1555,3599.0,highest,UDANG PUTIH/VANNAMEI (TERNAK) (ANTARA 41 HINGGA 60 EKOR SEKILOGRAM),1kg
2023-08-20,17774,1555,3599.0,highest,UDANG PUTIH/VANNAMEI (TERNAK) (ANTARA 41 HINGGA 60 EKOR SEKILOGRAM),1kg
2024-12-04,16193,1555,370.0,highest,UDANG PUTIH/VANNAMEI (TERNAK) (ANTARA 41 HINGGA 60 EKOR SEKILOGRAM),1kg
2024-06-29,3908,1555,0.28,lowest,UDANG PUTIH/VANNAMEI (TERNAK) (ANTARA 41 HINGGA 60 EKOR SEKILOGRAM),1kg
2024-11-08,4970,1555,0.35,lowest,UDANG PUTIH/VANNAMEI (TERNAK) (ANTARA 41 HINGGA 60 EKOR SEKILOGRAM),1kg
2025-12-31,16317,1555,0.39,lowest,UDANG PUTIH/VANNAMEI (TERNAK) (ANTARA 41 HINGGA 60 EKOR SEKILOGRAM),1kg
2025-06-22,17364,1564,100.0,highest,BAWANG PUTIH IMPORT (CHINA),1kg
2025-02-08,14807,1564,28.3,highest,BAWANG PUTIH IMPORT (CHINA),1kg
2023-11-15,1766,1564,26.99,highest,BAWANG PUTIH IMPORT (CHINA),1kg
2025-10-03,4547,1564,0.01,lowest,BAWANG PUTIH IMPORT (CHINA),1kg
2025-08-07,434,1564,0.13,lowest,BAWANG PUTIH IMPORT (CHINA),1kg
2025-01-24,4302,1564,0.2,lowest,BAWANG PUTIH IMPORT (CHINA),1kg
2025-01-09,20938,1589,282.85,highest,GULA PUTIH BERTAPIS KASAR (PELBAGAI JENAMA),1kg
2025-09-29,1291,1589,28.5,highest,GULA PUTIH BERTAPIS KASAR (PELBAGAI JENAMA),1kg
2025-09-29,20872,1589,28.5,highest,GULA PUTIH BERTAPIS KASAR (PELBAGAI JENAMA),1kg
2023-02-13,18457,1589,0.25,lowest,GULA PUTIH BERTAPIS KASAR (PELBAGAI JENAMA),1kg
2025-04-21,4340,1589,0.25,lowest,GULA PUTIH BERTAPIS KASAR (PELBAGAI JENAMA),1kg
2024-05-06,20991,1589,0.85,lowest,GULA PUTIH BERTAPIS KASAR (PELBAGAI JENAMA),1kg
