item_code,observations,minimum,median,maximum,item,unit
94,17096,0.02,14.0,40.0,CILI MERAH - MINYAK,1kg
104,19587,0.29,2.8,9.9,KUBIS BULAT IMPORT (CHINA),1kg
105,11347,0.09,4.49,10.0,KUBIS BULAT (TEMPATAN),1kg
109,25725,0.01,3.9,45.0,LOBAK MERAH,1kg
114,25059,0.99,8.9,699.0,TOMATO,1kg
180,1006,10.9,14.3,1430.0,TEH BOH (UNCANG),100 beg
193,2829,6.99,9.38,1010.0,SARDIN CAP KING CUP (SOS TOMATO),425 g
226,102,0.1,1.2,1.5,YEO'S LAICI (KOTAK),250 ml
271,559,25.9,35.4,335.75,MINYAK SAPI CAP QBB,400 g
1111,14829,8.0,14.5,1450.0,TELUR AYAM GRED C,30 biji
1151,4525,4.0,15.59,1650.0,SANTAN KELAPA JENAMA AYAM BRAND,1 liter
1442,14889,0.09,4.0,12.0,BAWANG KECIL MERAH BIASA IMPORT (INDIA),1kg
1551,1758,9.59,13.89,1359.0,DADA AYAM (CHICKEN KEEL),1kg
1555,16553,9.99,33.99,3900.0,UDANG PUTIH/VANNAMEI (TERNAK) (ANTARA 41 HINGGA 60 EKOR SEKILOGRAM),1kg
1589,5539,0.28,2.85,2.95,GULA PUTIH BERTAPIS KASAR (PELBAGAI JENAMA),1kg
1904,3789,20.99,25.9,2539.0,DUMEX DUGRO 3 (1-3 TAHUN) (PELBAGAI PERISA),850g
1942,24,0.01,30.9,30.9,MINYAK MASAK TULEN CAP ALIF,5 kg
2087,22161,0.03,4.9,15.0,LOBAK PUTIH (1KG),1kg
2103,1178,11.99,19.4,1750.0,SABUN MANDIAN DETTOL (PELBAGAI JENIS),950g
