date,premise_code,item_code,price,flagged_date,is_flagged_date
2025-06-12,424,1,10.0,2025-06-26,False
2025-06-13,424,1,10.0,2025-06-26,False
2025-06-14,424,1,10.0,2025-06-26,False
2025-06-15,424,1,10.0,2025-06-26,False
2025-06-17,424,1,9.0,2025-06-26,False
2025-06-18,424,1,8.7,2025-06-26,False
2025-06-19,424,1,8.7,2025-06-26,False
2025-06-20,424,1,8.7,2025-06-26,False
2025-06-21,424,1,8.8,2025-06-26,False
2025-06-22,424,1,8.8,2025-06-26,False
2025-06-24,424,1,8.8,2025-06-26,False
2025-06-25,424,1,8.8,2025-06-26,False
2025-06-26,424,1,880.0,2025-06-26,True
2025-06-28,424,1,8.8,2025-06-26,False
2025-06-29,424,1,8.8,2025-06-26,False
2025-07-01,424,1,8.8,2025-06-26,False
2025-07-02,424,1,9.0,2025-06-26,False
2025-07-03,424,1,9.0,2025-06-26,False
2025-07-04,424,1,8.8,2025-06-26,False
2025-07-05,424,1,8.8,2025-06-26,False
2025-07-06,424,1,8.8,2025-06-26,False
2025-07-08,424,1,8.8,2025-06-26,False
2025-07-09,424,1,8.8,2025-06-26,False
2025-07-10,424,1,8.8,2025-06-26,False
2025-01-07,11621,917,3.2,2025-01-20,False
2025-01-13,11621,917,3.2,2025-01-20,False
2025-01-20,11621,917,318.0,2025-01-20,True
2025-01-27,11621,917,3.18,2025-01-20,False
2025-02-03,11621,917,3.18,2025-01-20,False
2025-05-28,424,1111,11.4,2025-06-11,False
2025-05-29,424,1111,11.4,2025-06-11,False
2025-05-30,424,1111,11.4,2025-06-11,False
2025-05-31,424,1111,11.4,2025-06-11,False
2025-06-01,424,1111,11.4,2025-06-11,False
2025-06-04,424,1111,11.4,2025-06-11,False
2025-06-05,424,1111,11.4,2025-06-11,False
2025-06-06,424,1111,11.4,2025-06-11,False
2025-06-08,424,1111,11.4,2025-06-11,False
2025-06-10,424,1111,11.4,2025-06-11,False
2025-06-11,424,1111,1140.0,2025-06-11,True
2025-06-12,424,1111,11.4,2025-06-11,False
2025-06-13,424,1111,11.4,2025-06-11,False
2025-06-14,424,1111,11.4,2025-06-11,False
2025-06-15,424,1111,11.4,2025-06-11,False
2025-06-17,424,1111,11.4,2025-06-11,False
2025-06-18,424,1111,11.4,2025-06-11,False
2025-06-19,424,1111,11.4,2025-06-11,False
2025-06-20,424,1111,11.4,2025-06-11,False
2025-06-21,424,1111,11.4,2025-06-11,False
2025-06-22,424,1111,11.4,2025-06-11,False
2025-06-24,424,1111,11.4,2025-06-11,False
2025-06-25,424,1111,11.4,2025-06-11,False
2023-08-05,17774,1555,31.99,2023-08-19,False
2023-08-06,17774,1555,29.99,2023-08-19,False
2023-08-07,17774,1555,29.99,2023-08-19,False
2023-08-08,17774,1555,29.99,2023-08-19,False
2023-08-09,17774,1555,29.99,2023-08-19,False
2023-08-10,17774,1555,29.99,2023-08-19,False
2023-08-11,17774,1555,29.99,2023-08-19,False
2023-08-12,17774,1555,32.99,2023-08-19,False
2023-08-13,17774,1555,32.99,2023-08-19,False
2023-08-14,17774,1555,32.99,2023-08-19,False
2023-08-15,17774,1555,32.99,2023-08-19,False
2023-08-16,17774,1555,32.99,2023-08-19,False
2023-08-17,17774,1555,29.99,2023-08-19,False
2023-08-18,17774,1555,29.99,2023-08-19,False
2023-08-19,17774,1555,3599.0,2023-08-19,True
2023-08-20,17774,1555,3599.0,2023-08-19,False
2023-08-21,17774,1555,32.99,2023-08-19,False
2023-08-22,17774,1555,32.99,2023-08-19,False
2023-08-24,17774,1555,32.99,2023-08-19,False
2023-08-25,17774,1555,34.99,2023-08-19,False
2023-08-26,17774,1555,34.99,2023-08-19,False
2023-08-27,17774,1555,34.99,2023-08-19,False
2023-08-28,17774,1555,34.99,2023-08-19,False
2023-08-29,17774,1555,34.99,2023-08-19,False
2023-09-01,17774,1555,34.99,2023-08-19,False
2023-09-02,17774,1555,34.99,2023-08-19,False
