festival,target_window,item_code,state,years_checked,years_passing,passes_all_three_years
chinese_new_year,after,1,Johor,3,3,True
chinese_new_year,after,1,Kedah,3,3,True
chinese_new_year,after,1,Kelantan,3,3,True
chinese_new_year,after,1,Melaka,3,3,True
chinese_new_year,after,1,Negeri Sembilan,3,3,True
chinese_new_year,after,1,Pahang,3,3,True
chinese_new_year,after,1,Perak,3,3,True
chinese_new_year,after,1,Perlis,3,3,True
chinese_new_year,after,1,Pulau Pinang,3,3,True
chinese_new_year,after,1,Sabah,3,3,True
chinese_new_year,after,1,Sarawak,3,3,True
chinese_new_year,after,1,Selangor,3,3,True
chinese_new_year,after,1,Terengganu,3,3,True
chinese_new_year,after,1,W.P. Kuala Lumpur,3,3,True
chinese_new_year,after,1,W.P. Labuan,3,0,False
chinese_new_year,after,1,W.P. Putrajaya,3,3,True
chinese_new_year,after,94,Johor,3,3,True
chinese_new_year,after,94,Kedah,3,3,True
chinese_new_year,after,94,Kelantan,3,3,True
chinese_new_year,after,94,Melaka,3,1,False
chinese_new_year,after,94,Negeri Sembilan,3,3,True
chinese_new_year,after,94,Pahang,3,3,True
chinese_new_year,after,94,Perak,3,3,True
chinese_new_year,after,94,Perlis,3,3,True
chinese_new_year,after,94,Pulau Pinang,3,3,True
chinese_new_year,after,94,Sabah,3,3,True
chinese_new_year,after,94,Sarawak,3,3,True
chinese_new_year,after,94,Selangor,3,3,True
chinese_new_year,after,94,Terengganu,3,3,True
chinese_new_year,after,94,W.P. Kuala Lumpur,3,3,True
chinese_new_year,after,94,W.P. Labuan,3,0,False
chinese_new_year,after,94,W.P. Putrajaya,3,0,False
chinese_new_year,after,103,Johor,3,3,True
chinese_new_year,after,103,Kedah,3,3,True
chinese_new_year,after,103,Kelantan,3,3,True
chinese_new_year,after,103,Melaka,3,0,False
chinese_new_year,after,103,Negeri Sembilan,3,3,True
chinese_new_year,after,103,Pahang,3,3,True
chinese_new_year,after,103,Perak,3,3,True
chinese_new_year,after,103,Perlis,3,0,False
chinese_new_year,after,103,Pulau Pinang,3,3,True
chinese_new_year,after,103,Sabah,3,0,False
chinese_new_year,after,103,Sarawak,3,0,False
chinese_new_year,after,103,Selangor,3,3,True
chinese_new_year,after,103,Terengganu,3,3,True
chinese_new_year,after,103,W.P. Kuala Lumpur,3,3,True
chinese_new_year,after,103,W.P. Labuan,3,0,False
chinese_new_year,after,103,W.P. Putrajaya,3,3,True
chinese_new_year,after,114,Johor,3,3,True
chinese_new_year,after,114,Kedah,3,3,True
chinese_new_year,after,114,Kelantan,3,3,True
chinese_new_year,after,114,Melaka,3,3,True
chinese_new_year,after,114,Negeri Sembilan,3,3,True
chinese_new_year,after,114,Pahang,3,3,True
chinese_new_year,after,114,Perak,3,3,True
chinese_new_year,after,114,Perlis,3,3,True
chinese_new_year,after,114,Pulau Pinang,3,3,True
chinese_new_year,after,114,Sabah,3,3,True
chinese_new_year,after,114,Sarawak,3,3,True
chinese_new_year,after,114,Selangor,3,3,True
chinese_new_year,after,114,Terengganu,3,3,True
chinese_new_year,after,114,W.P. Kuala Lumpur,3,3,True
chinese_new_year,after,114,W.P. Labuan,3,2,False
chinese_new_year,after,114,W.P. Putrajaya,3,3,True
chinese_new_year,after,129,Johor,3,3,True
chinese_new_year,after,129,Kedah,3,3,True
chinese_new_year,after,129,Kelantan,3,3,True
chinese_new_year,after,129,Melaka,3,3,True
chinese_new_year,after,129,Negeri Sembilan,3,3,True
chinese_new_year,after,129,Pahang,3,3,True
chinese_new_year,after,129,Perak,3,3,True
chinese_new_year,after,129,Perlis,3,3,True
chinese_new_year,after,129,Pulau Pinang,3,3,True
chinese_new_year,after,129,Sabah,3,3,True
chinese_new_year,after,129,Sarawak,3,3,True
chinese_new_year,after,129,Selangor,3,3,True
chinese_new_year,after,129,Terengganu,3,3,True
chinese_new_year,after,129,W.P. Kuala Lumpur,3,3,True
chinese_new_year,after,129,W.P. Labuan,3,3,True
chinese_new_year,after,129,W.P. Putrajaya,3,3,True
chinese_new_year,after,193,Johor,3,0,False
chinese_new_year,after,193,Kedah,3,0,False
chinese_new_year,after,193,Kelantan,3,0,False
chinese_new_year,after,193,Melaka,3,0,False
chinese_new_year,after,193,Negeri Sembilan,3,0,False
chinese_new_year,after,193,Pahang,3,0,False
chinese_new_year,after,193,Perak,3,0,False
chinese_new_year,after,193,Perlis,3,0,False
chinese_new_year,after,193,Pulau Pinang,3,0,False
chinese_new_year,after,193,Sabah,3,0,False
chinese_new_year,after,193,Sarawak,3,0,False
chinese_new_year,after,193,Selangor,3,0,False
chinese_new_year,after,193,Terengganu,3,0,False
chinese_new_year,after,193,W.P. Kuala Lumpur,3,0,False
chinese_new_year,after,193,W.P. Labuan,3,0,False
chinese_new_year,after,193,W.P. Putrajaya,3,0,False
chinese_new_year,after,904,Johor,3,1,False
chinese_new_year,after,904,Kedah,3,1,False
chinese_new_year,after,904,Kelantan,3,1,False
chinese_new_year,after,904,Melaka,3,1,False
chinese_new_year,after,904,Negeri Sembilan,3,1,False
chinese_new_year,after,904,Pahang,3,1,False
chinese_new_year,after,904,Perak,3,1,False
chinese_new_year,after,904,Perlis,3,0,False
chinese_new_year,after,904,Pulau Pinang,3,1,False
chinese_new_year,after,904,Sabah,3,0,False
chinese_new_year,after,904,Sarawak,3,0,False
chinese_new_year,after,904,Selangor,3,1,False
chinese_new_year,after,904,Terengganu,3,1,False
chinese_new_year,after,904,W.P. Kuala Lumpur,3,1,False
chinese_new_year,after,904,W.P. Labuan,3,0,False
chinese_new_year,after,904,W.P. Putrajaya,3,1,False
chinese_new_year,after,917,Johor,3,2,False
chinese_new_year,after,917,Kedah,3,0,False
chinese_new_year,after,917,Kelantan,3,0,False
chinese_new_year,after,917,Melaka,3,0,False
chinese_new_year,after,917,Negeri Sembilan,3,0,False
chinese_new_year,after,917,Pahang,3,2,False
chinese_new_year,after,917,Perak,3,0,False
chinese_new_year,after,917,Perlis,3,0,False
chinese_new_year,after,917,Pulau Pinang,3,0,False
chinese_new_year,after,917,Sabah,3,0,False
chinese_new_year,after,917,Sarawak,3,0,False
chinese_new_year,after,917,Selangor,3,0,False
chinese_new_year,after,917,Terengganu,3,0,False
chinese_new_year,after,917,W.P. Kuala Lumpur,3,0,False
chinese_new_year,after,917,W.P. Labuan,3,0,False
chinese_new_year,after,917,W.P. Putrajaya,3,0,False
chinese_new_year,after,918,Johor,3,2,False
chinese_new_year,after,918,Kedah,3,1,False
chinese_new_year,after,918,Kelantan,3,2,False
chinese_new_year,after,918,Melaka,3,1,False
chinese_new_year,after,918,Negeri Sembilan,3,1,False
chinese_new_year,after,918,Pahang,3,2,False
chinese_new_year,after,918,Perak,3,1,False
chinese_new_year,after,918,Perlis,3,1,False
chinese_new_year,after,918,Pulau Pinang,3,1,False
chinese_new_year,after,918,Sabah,3,1,False
chinese_new_year,after,918,Sarawak,3,1,False
chinese_new_year,after,918,Selangor,3,1,False
chinese_new_year,after,918,Terengganu,3,1,False
chinese_new_year,after,918,W.P. Kuala Lumpur,3,1,False
chinese_new_year,after,918,W.P. Labuan,3,1,False
chinese_new_year,after,918,W.P. Putrajaya,3,0,False
chinese_new_year,after,1111,Johor,3,3,True
chinese_new_year,after,1111,Kedah,3,3,True
chinese_new_year,after,1111,Kelantan,3,3,True
chinese_new_year,after,1111,Melaka,3,3,True
chinese_new_year,after,1111,Negeri Sembilan,3,3,True
chinese_new_year,after,1111,Pahang,3,3,True
chinese_new_year,after,1111,Perak,3,3,True
chinese_new_year,after,1111,Perlis,3,1,False
chinese_new_year,after,1111,Pulau Pinang,3,3,True
chinese_new_year,after,1111,Sabah,3,3,True
chinese_new_year,after,1111,Sarawak,3,3,True
chinese_new_year,after,1111,Selangor,3,3,True
chinese_new_year,after,1111,Terengganu,3,3,True
chinese_new_year,after,1111,W.P. Kuala Lumpur,3,3,True
chinese_new_year,after,1111,W.P. Labuan,3,0,False
chinese_new_year,after,1111,W.P. Putrajaya,3,1,False
chinese_new_year,after,1131,Johor,3,3,True
chinese_new_year,after,1131,Kedah,3,3,True
chinese_new_year,after,1131,Kelantan,3,3,True
chinese_new_year,after,1131,Melaka,3,3,True
chinese_new_year,after,1131,Negeri Sembilan,3,3,True
chinese_new_year,after,1131,Pahang,3,3,True
chinese_new_year,after,1131,Perak,3,3,True
chinese_new_year,after,1131,Perlis,3,3,True
chinese_new_year,after,1131,Pulau Pinang,3,3,True
chinese_new_year,after,1131,Sabah,3,3,True
chinese_new_year,after,1131,Sarawak,3,3,True
chinese_new_year,after,1131,Selangor,3,3,True
chinese_new_year,after,1131,Terengganu,3,3,True
chinese_new_year,after,1131,W.P. Kuala Lumpur,3,3,True
chinese_new_year,after,1131,W.P. Labuan,3,3,True
chinese_new_year,after,1131,W.P. Putrajaya,3,3,True
chinese_new_year,after,1431,Johor,3,3,True
chinese_new_year,after,1431,Kedah,3,3,True
chinese_new_year,after,1431,Kelantan,3,3,True
chinese_new_year,after,1431,Melaka,3,3,True
chinese_new_year,after,1431,Negeri Sembilan,3,3,True
chinese_new_year,after,1431,Pahang,3,3,True
chinese_new_year,after,1431,Perak,3,3,True
chinese_new_year,after,1431,Perlis,3,0,False
chinese_new_year,after,1431,Pulau Pinang,3,3,True
chinese_new_year,after,1431,Sabah,3,0,False
chinese_new_year,after,1431,Sarawak,3,0,False
chinese_new_year,after,1431,Selangor,3,3,True
chinese_new_year,after,1431,Terengganu,3,3,True
chinese_new_year,after,1431,W.P. Kuala Lumpur,3,1,False
chinese_new_year,after,1431,W.P. Labuan,3,0,False
chinese_new_year,after,1431,W.P. Putrajaya,3,0,False
chinese_new_year,after,1555,Johor,3,3,True
chinese_new_year,after,1555,Kedah,3,3,True
chinese_new_year,after,1555,Kelantan,3,3,True
chinese_new_year,after,1555,Melaka,3,3,True
chinese_new_year,after,1555,Negeri Sembilan,3,3,True
chinese_new_year,after,1555,Pahang,3,3,True
chinese_new_year,after,1555,Perak,3,3,True
chinese_new_year,after,1555,Perlis,3,3,True
chinese_new_year,after,1555,Pulau Pinang,3,3,True
chinese_new_year,after,1555,Sabah,3,3,True
chinese_new_year,after,1555,Sarawak,3,3,True
chinese_new_year,after,1555,Selangor,3,3,True
chinese_new_year,after,1555,Terengganu,3,3,True
chinese_new_year,after,1555,W.P. Kuala Lumpur,3,3,True
chinese_new_year,after,1555,W.P. Labuan,3,0,False
chinese_new_year,after,1555,W.P. Putrajaya,3,3,True
chinese_new_year,after,1564,Johor,3,3,True
chinese_new_year,after,1564,Kedah,3,3,True
chinese_new_year,after,1564,Kelantan,3,3,True
chinese_new_year,after,1564,Melaka,3,3,True
chinese_new_year,after,1564,Negeri Sembilan,3,3,True
chinese_new_year,after,1564,Pahang,3,3,True
chinese_new_year,after,1564,Perak,3,3,True
chinese_new_year,after,1564,Perlis,3,3,True
chinese_new_year,after,1564,Pulau Pinang,3,3,True
chinese_new_year,after,1564,Sabah,3,3,True
chinese_new_year,after,1564,Sarawak,3,3,True
chinese_new_year,after,1564,Selangor,3,3,True
chinese_new_year,after,1564,Terengganu,3,3,True
chinese_new_year,after,1564,W.P. Kuala Lumpur,3,3,True
chinese_new_year,after,1564,W.P. Labuan,3,3,True
chinese_new_year,after,1564,W.P. Putrajaya,3,3,True
chinese_new_year,after,1589,Johor,3,2,False
chinese_new_year,after,1589,Kedah,3,0,False
chinese_new_year,after,1589,Kelantan,3,0,False
chinese_new_year,after,1589,Melaka,3,0,False
chinese_new_year,after,1589,Negeri Sembilan,3,0,False
chinese_new_year,after,1589,Pahang,3,1,False
chinese_new_year,after,1589,Perak,3,0,False
chinese_new_year,after,1589,Perlis,3,0,False
chinese_new_year,after,1589,Pulau Pinang,3,0,False
chinese_new_year,after,1589,Sabah,3,0,False
chinese_new_year,after,1589,Sarawak,3,0,False
chinese_new_year,after,1589,Selangor,3,0,False
chinese_new_year,after,1589,Terengganu,3,0,False
chinese_new_year,after,1589,W.P. Kuala Lumpur,3,0,False
chinese_new_year,after,1589,W.P. Labuan,3,0,False
chinese_new_year,after,1589,W.P. Putrajaya,3,0,False
chinese_new_year,lead_up,1,Johor,3,3,True
chinese_new_year,lead_up,1,Kedah,3,3,True
chinese_new_year,lead_up,1,Kelantan,3,3,True
chinese_new_year,lead_up,1,Melaka,3,3,True
chinese_new_year,lead_up,1,Negeri Sembilan,3,3,True
chinese_new_year,lead_up,1,Pahang,3,3,True
chinese_new_year,lead_up,1,Perak,3,3,True
chinese_new_year,lead_up,1,Perlis,3,3,True
chinese_new_year,lead_up,1,Pulau Pinang,3,3,True
chinese_new_year,lead_up,1,Sabah,3,3,True
chinese_new_year,lead_up,1,Sarawak,3,3,True
chinese_new_year,lead_up,1,Selangor,3,3,True
chinese_new_year,lead_up,1,Terengganu,3,3,True
chinese_new_year,lead_up,1,W.P. Kuala Lumpur,3,3,True
chinese_new_year,lead_up,1,W.P. Labuan,3,0,False
chinese_new_year,lead_up,1,W.P. Putrajaya,3,3,True
chinese_new_year,lead_up,94,Johor,3,3,True
chinese_new_year,lead_up,94,Kedah,3,3,True
chinese_new_year,lead_up,94,Kelantan,3,3,True
chinese_new_year,lead_up,94,Melaka,3,1,False
chinese_new_year,lead_up,94,Negeri Sembilan,3,3,True
chinese_new_year,lead_up,94,Pahang,3,3,True
chinese_new_year,lead_up,94,Perak,3,3,True
chinese_new_year,lead_up,94,Perlis,3,3,True
chinese_new_year,lead_up,94,Pulau Pinang,3,3,True
chinese_new_year,lead_up,94,Sabah,3,3,True
chinese_new_year,lead_up,94,Sarawak,3,3,True
chinese_new_year,lead_up,94,Selangor,3,3,True
chinese_new_year,lead_up,94,Terengganu,3,3,True
chinese_new_year,lead_up,94,W.P. Kuala Lumpur,3,3,True
chinese_new_year,lead_up,94,W.P. Labuan,3,0,False
chinese_new_year,lead_up,94,W.P. Putrajaya,3,0,False
chinese_new_year,lead_up,103,Johor,3,3,True
chinese_new_year,lead_up,103,Kedah,3,3,True
chinese_new_year,lead_up,103,Kelantan,3,3,True
chinese_new_year,lead_up,103,Melaka,3,0,False
chinese_new_year,lead_up,103,Negeri Sembilan,3,3,True
chinese_new_year,lead_up,103,Pahang,3,3,True
chinese_new_year,lead_up,103,Perak,3,3,True
chinese_new_year,lead_up,103,Perlis,3,0,False
chinese_new_year,lead_up,103,Pulau Pinang,3,3,True
chinese_new_year,lead_up,103,Sabah,3,0,False
chinese_new_year,lead_up,103,Sarawak,3,0,False
chinese_new_year,lead_up,103,Selangor,3,3,True
chinese_new_year,lead_up,103,Terengganu,3,3,True
chinese_new_year,lead_up,103,W.P. Kuala Lumpur,3,3,True
chinese_new_year,lead_up,103,W.P. Labuan,3,0,False
chinese_new_year,lead_up,103,W.P. Putrajaya,3,3,True
chinese_new_year,lead_up,114,Johor,3,3,True
chinese_new_year,lead_up,114,Kedah,3,3,True
chinese_new_year,lead_up,114,Kelantan,3,3,True
chinese_new_year,lead_up,114,Melaka,3,3,True
chinese_new_year,lead_up,114,Negeri Sembilan,3,3,True
chinese_new_year,lead_up,114,Pahang,3,3,True
chinese_new_year,lead_up,114,Perak,3,3,True
chinese_new_year,lead_up,114,Perlis,3,3,True
chinese_new_year,lead_up,114,Pulau Pinang,3,3,True
chinese_new_year,lead_up,114,Sabah,3,3,True
chinese_new_year,lead_up,114,Sarawak,3,3,True
chinese_new_year,lead_up,114,Selangor,3,3,True
chinese_new_year,lead_up,114,Terengganu,3,3,True
chinese_new_year,lead_up,114,W.P. Kuala Lumpur,3,3,True
chinese_new_year,lead_up,114,W.P. Labuan,3,2,False
chinese_new_year,lead_up,114,W.P. Putrajaya,3,3,True
chinese_new_year,lead_up,129,Johor,3,3,True
chinese_new_year,lead_up,129,Kedah,3,3,True
chinese_new_year,lead_up,129,Kelantan,3,3,True
chinese_new_year,lead_up,129,Melaka,3,3,True
chinese_new_year,lead_up,129,Negeri Sembilan,3,3,True
chinese_new_year,lead_up,129,Pahang,3,3,True
chinese_new_year,lead_up,129,Perak,3,3,True
chinese_new_year,lead_up,129,Perlis,3,3,True
chinese_new_year,lead_up,129,Pulau Pinang,3,3,True
chinese_new_year,lead_up,129,Sabah,3,3,True
chinese_new_year,lead_up,129,Sarawak,3,3,True
chinese_new_year,lead_up,129,Selangor,3,3,True
chinese_new_year,lead_up,129,Terengganu,3,3,True
chinese_new_year,lead_up,129,W.P. Kuala Lumpur,3,3,True
chinese_new_year,lead_up,129,W.P. Labuan,3,3,True
chinese_new_year,lead_up,129,W.P. Putrajaya,3,3,True
chinese_new_year,lead_up,193,Johor,3,0,False
chinese_new_year,lead_up,193,Kedah,3,0,False
chinese_new_year,lead_up,193,Kelantan,3,0,False
chinese_new_year,lead_up,193,Melaka,3,0,False
chinese_new_year,lead_up,193,Negeri Sembilan,3,0,False
chinese_new_year,lead_up,193,Pahang,3,0,False
chinese_new_year,lead_up,193,Perak,3,0,False
chinese_new_year,lead_up,193,Perlis,3,0,False
chinese_new_year,lead_up,193,Pulau Pinang,3,0,False
chinese_new_year,lead_up,193,Sabah,3,0,False
chinese_new_year,lead_up,193,Sarawak,3,0,False
chinese_new_year,lead_up,193,Selangor,3,0,False
chinese_new_year,lead_up,193,Terengganu,3,0,False
chinese_new_year,lead_up,193,W.P. Kuala Lumpur,3,0,False
chinese_new_year,lead_up,193,W.P. Labuan,3,0,False
chinese_new_year,lead_up,193,W.P. Putrajaya,3,0,False
chinese_new_year,lead_up,904,Johor,3,1,False
chinese_new_year,lead_up,904,Kedah,3,1,False
chinese_new_year,lead_up,904,Kelantan,3,1,False
chinese_new_year,lead_up,904,Melaka,3,1,False
chinese_new_year,lead_up,904,Negeri Sembilan,3,1,False
chinese_new_year,lead_up,904,Pahang,3,1,False
chinese_new_year,lead_up,904,Perak,3,1,False
chinese_new_year,lead_up,904,Perlis,3,0,False
chinese_new_year,lead_up,904,Pulau Pinang,3,1,False
chinese_new_year,lead_up,904,Sabah,3,0,False
chinese_new_year,lead_up,904,Sarawak,3,0,False
chinese_new_year,lead_up,904,Selangor,3,1,False
chinese_new_year,lead_up,904,Terengganu,3,1,False
chinese_new_year,lead_up,904,W.P. Kuala Lumpur,3,1,False
chinese_new_year,lead_up,904,W.P. Labuan,3,0,False
chinese_new_year,lead_up,904,W.P. Putrajaya,3,1,False
chinese_new_year,lead_up,917,Johor,3,2,False
chinese_new_year,lead_up,917,Kedah,3,0,False
chinese_new_year,lead_up,917,Kelantan,3,0,False
chinese_new_year,lead_up,917,Melaka,3,0,False
chinese_new_year,lead_up,917,Negeri Sembilan,3,0,False
chinese_new_year,lead_up,917,Pahang,3,2,False
chinese_new_year,lead_up,917,Perak,3,0,False
chinese_new_year,lead_up,917,Perlis,3,0,False
chinese_new_year,lead_up,917,Pulau Pinang,3,0,False
chinese_new_year,lead_up,917,Sabah,3,0,False
chinese_new_year,lead_up,917,Sarawak,3,0,False
chinese_new_year,lead_up,917,Selangor,3,0,False
chinese_new_year,lead_up,917,Terengganu,3,0,False
chinese_new_year,lead_up,917,W.P. Kuala Lumpur,3,0,False
chinese_new_year,lead_up,917,W.P. Labuan,3,0,False
chinese_new_year,lead_up,917,W.P. Putrajaya,3,0,False
chinese_new_year,lead_up,918,Johor,3,3,True
chinese_new_year,lead_up,918,Kedah,3,1,False
chinese_new_year,lead_up,918,Kelantan,3,2,False
chinese_new_year,lead_up,918,Melaka,3,1,False
chinese_new_year,lead_up,918,Negeri Sembilan,3,1,False
chinese_new_year,lead_up,918,Pahang,3,3,True
chinese_new_year,lead_up,918,Perak,3,1,False
chinese_new_year,lead_up,918,Perlis,3,1,False
chinese_new_year,lead_up,918,Pulau Pinang,3,1,False
chinese_new_year,lead_up,918,Sabah,3,2,False
chinese_new_year,lead_up,918,Sarawak,3,2,False
chinese_new_year,lead_up,918,Selangor,3,1,False
chinese_new_year,lead_up,918,Terengganu,3,1,False
chinese_new_year,lead_up,918,W.P. Kuala Lumpur,3,1,False
chinese_new_year,lead_up,918,W.P. Labuan,3,0,False
chinese_new_year,lead_up,918,W.P. Putrajaya,3,0,False
chinese_new_year,lead_up,1111,Johor,3,3,True
chinese_new_year,lead_up,1111,Kedah,3,3,True
chinese_new_year,lead_up,1111,Kelantan,3,3,True
chinese_new_year,lead_up,1111,Melaka,3,3,True
chinese_new_year,lead_up,1111,Negeri Sembilan,3,3,True
chinese_new_year,lead_up,1111,Pahang,3,3,True
chinese_new_year,lead_up,1111,Perak,3,3,True
chinese_new_year,lead_up,1111,Perlis,3,2,False
chinese_new_year,lead_up,1111,Pulau Pinang,3,3,True
chinese_new_year,lead_up,1111,Sabah,3,3,True
chinese_new_year,lead_up,1111,Sarawak,3,3,True
chinese_new_year,lead_up,1111,Selangor,3,3,True
chinese_new_year,lead_up,1111,Terengganu,3,3,True
chinese_new_year,lead_up,1111,W.P. Kuala Lumpur,3,3,True
chinese_new_year,lead_up,1111,W.P. Labuan,3,0,False
chinese_new_year,lead_up,1111,W.P. Putrajaya,3,2,False
chinese_new_year,lead_up,1131,Johor,3,3,True
chinese_new_year,lead_up,1131,Kedah,3,3,True
chinese_new_year,lead_up,1131,Kelantan,3,3,True
chinese_new_year,lead_up,1131,Melaka,3,3,True
chinese_new_year,lead_up,1131,Negeri Sembilan,3,3,True
chinese_new_year,lead_up,1131,Pahang,3,3,True
chinese_new_year,lead_up,1131,Perak,3,3,True
chinese_new_year,lead_up,1131,Perlis,3,3,True
chinese_new_year,lead_up,1131,Pulau Pinang,3,3,True
chinese_new_year,lead_up,1131,Sabah,3,3,True
chinese_new_year,lead_up,1131,Sarawak,3,3,True
chinese_new_year,lead_up,1131,Selangor,3,3,True
chinese_new_year,lead_up,1131,Terengganu,3,3,True
chinese_new_year,lead_up,1131,W.P. Kuala Lumpur,3,3,True
chinese_new_year,lead_up,1131,W.P. Labuan,3,3,True
chinese_new_year,lead_up,1131,W.P. Putrajaya,3,3,True
chinese_new_year,lead_up,1431,Johor,3,3,True
chinese_new_year,lead_up,1431,Kedah,3,3,True
chinese_new_year,lead_up,1431,Kelantan,3,3,True
chinese_new_year,lead_up,1431,Melaka,3,3,True
chinese_new_year,lead_up,1431,Negeri Sembilan,3,3,True
chinese_new_year,lead_up,1431,Pahang,3,3,True
chinese_new_year,lead_up,1431,Perak,3,3,True
chinese_new_year,lead_up,1431,Perlis,3,0,False
chinese_new_year,lead_up,1431,Pulau Pinang,3,3,True
chinese_new_year,lead_up,1431,Sabah,3,0,False
chinese_new_year,lead_up,1431,Sarawak,3,0,False
chinese_new_year,lead_up,1431,Selangor,3,3,True
chinese_new_year,lead_up,1431,Terengganu,3,3,True
chinese_new_year,lead_up,1431,W.P. Kuala Lumpur,3,2,False
chinese_new_year,lead_up,1431,W.P. Labuan,3,0,False
chinese_new_year,lead_up,1431,W.P. Putrajaya,3,0,False
chinese_new_year,lead_up,1555,Johor,3,3,True
chinese_new_year,lead_up,1555,Kedah,3,3,True
chinese_new_year,lead_up,1555,Kelantan,3,3,True
chinese_new_year,lead_up,1555,Melaka,3,3,True
chinese_new_year,lead_up,1555,Negeri Sembilan,3,3,True
chinese_new_year,lead_up,1555,Pahang,3,3,True
chinese_new_year,lead_up,1555,Perak,3,3,True
chinese_new_year,lead_up,1555,Perlis,3,3,True
chinese_new_year,lead_up,1555,Pulau Pinang,3,3,True
chinese_new_year,lead_up,1555,Sabah,3,3,True
chinese_new_year,lead_up,1555,Sarawak,3,3,True
chinese_new_year,lead_up,1555,Selangor,3,3,True
chinese_new_year,lead_up,1555,Terengganu,3,3,True
chinese_new_year,lead_up,1555,W.P. Kuala Lumpur,3,3,True
chinese_new_year,lead_up,1555,W.P. Labuan,3,0,False
chinese_new_year,lead_up,1555,W.P. Putrajaya,3,3,True
chinese_new_year,lead_up,1564,Johor,3,3,True
chinese_new_year,lead_up,1564,Kedah,3,3,True
chinese_new_year,lead_up,1564,Kelantan,3,3,True
chinese_new_year,lead_up,1564,Melaka,3,3,True
chinese_new_year,lead_up,1564,Negeri Sembilan,3,3,True
chinese_new_year,lead_up,1564,Pahang,3,3,True
chinese_new_year,lead_up,1564,Perak,3,3,True
chinese_new_year,lead_up,1564,Perlis,3,3,True
chinese_new_year,lead_up,1564,Pulau Pinang,3,3,True
chinese_new_year,lead_up,1564,Sabah,3,3,True
chinese_new_year,lead_up,1564,Sarawak,3,3,True
chinese_new_year,lead_up,1564,Selangor,3,3,True
chinese_new_year,lead_up,1564,Terengganu,3,3,True
chinese_new_year,lead_up,1564,W.P. Kuala Lumpur,3,3,True
chinese_new_year,lead_up,1564,W.P. Labuan,3,3,True
chinese_new_year,lead_up,1564,W.P. Putrajaya,3,3,True
chinese_new_year,lead_up,1589,Johor,3,2,False
chinese_new_year,lead_up,1589,Kedah,3,0,False
chinese_new_year,lead_up,1589,Kelantan,3,0,False
chinese_new_year,lead_up,1589,Melaka,3,0,False
chinese_new_year,lead_up,1589,Negeri Sembilan,3,0,False
chinese_new_year,lead_up,1589,Pahang,3,1,False
chinese_new_year,lead_up,1589,Perak,3,0,False
chinese_new_year,lead_up,1589,Perlis,3,0,False
chinese_new_year,lead_up,1589,Pulau Pinang,3,0,False
chinese_new_year,lead_up,1589,Sabah,3,0,False
chinese_new_year,lead_up,1589,Sarawak,3,0,False
chinese_new_year,lead_up,1589,Selangor,3,0,False
chinese_new_year,lead_up,1589,Terengganu,3,0,False
chinese_new_year,lead_up,1589,W.P. Kuala Lumpur,3,0,False
chinese_new_year,lead_up,1589,W.P. Labuan,3,0,False
chinese_new_year,lead_up,1589,W.P. Putrajaya,3,0,False
deepavali,after,1,Johor,3,3,True
deepavali,after,1,Kedah,3,3,True
deepavali,after,1,Kelantan,3,3,True
deepavali,after,1,Melaka,3,3,True
deepavali,after,1,Negeri Sembilan,3,3,True
deepavali,after,1,Pahang,3,3,True
deepavali,after,1,Perak,3,3,True
deepavali,after,1,Perlis,3,3,True
deepavali,after,1,Pulau Pinang,3,3,True
deepavali,after,1,Sabah,3,3,True
deepavali,after,1,Sarawak,3,3,True
deepavali,after,1,Selangor,3,3,True
deepavali,after,1,Terengganu,3,3,True
deepavali,after,1,W.P. Kuala Lumpur,3,3,True
deepavali,after,1,W.P. Labuan,3,0,False
deepavali,after,1,W.P. Putrajaya,3,3,True
deepavali,after,94,Johor,3,3,True
deepavali,after,94,Kedah,3,3,True
deepavali,after,94,Kelantan,3,3,True
deepavali,after,94,Melaka,3,2,False
deepavali,after,94,Negeri Sembilan,3,3,True
deepavali,after,94,Pahang,3,3,True
deepavali,after,94,Perak,3,3,True
deepavali,after,94,Perlis,3,3,True
deepavali,after,94,Pulau Pinang,3,3,True
deepavali,after,94,Sabah,3,3,True
deepavali,after,94,Sarawak,3,3,True
deepavali,after,94,Selangor,3,3,True
deepavali,after,94,Terengganu,3,3,True
deepavali,after,94,W.P. Kuala Lumpur,3,3,True
deepavali,after,94,W.P. Labuan,3,0,False
deepavali,after,94,W.P. Putrajaya,3,0,False
deepavali,after,103,Johor,3,3,True
deepavali,after,103,Kedah,3,2,False
deepavali,after,103,Kelantan,3,2,False
deepavali,after,103,Melaka,3,0,False
deepavali,after,103,Negeri Sembilan,3,2,False
deepavali,after,103,Pahang,3,3,True
deepavali,after,103,Perak,3,2,False
deepavali,after,103,Perlis,3,0,False
deepavali,after,103,Pulau Pinang,3,2,False
deepavali,after,103,Sabah,3,0,False
deepavali,after,103,Sarawak,3,0,False
deepavali,after,103,Selangor,3,2,False
deepavali,after,103,Terengganu,3,2,False
deepavali,after,103,W.P. Kuala Lumpur,3,2,False
deepavali,after,103,W.P. Labuan,3,0,False
deepavali,after,103,W.P. Putrajaya,3,2,False
deepavali,after,114,Johor,3,3,True
deepavali,after,114,Kedah,3,3,True
deepavali,after,114,Kelantan,3,3,True
deepavali,after,114,Melaka,3,3,True
deepavali,after,114,Negeri Sembilan,3,3,True
deepavali,after,114,Pahang,3,3,True
deepavali,after,114,Perak,3,3,True
deepavali,after,114,Perlis,3,3,True
deepavali,after,114,Pulau Pinang,3,3,True
deepavali,after,114,Sabah,3,3,True
deepavali,after,114,Sarawak,3,3,True
deepavali,after,114,Selangor,3,3,True
deepavali,after,114,Terengganu,3,3,True
deepavali,after,114,W.P. Kuala Lumpur,3,3,True
deepavali,after,114,W.P. Labuan,3,3,True
deepavali,after,114,W.P. Putrajaya,3,3,True
deepavali,after,129,Johor,3,3,True
deepavali,after,129,Kedah,3,3,True
deepavali,after,129,Kelantan,3,3,True
deepavali,after,129,Melaka,3,3,True
deepavali,after,129,Negeri Sembilan,3,3,True
deepavali,after,129,Pahang,3,3,True
deepavali,after,129,Perak,3,3,True
deepavali,after,129,Perlis,3,3,True
deepavali,after,129,Pulau Pinang,3,3,True
deepavali,after,129,Sabah,3,3,True
deepavali,after,129,Sarawak,3,3,True
deepavali,after,129,Selangor,3,3,True
deepavali,after,129,Terengganu,3,3,True
deepavali,after,129,W.P. Kuala Lumpur,3,3,True
deepavali,after,129,W.P. Labuan,3,3,True
deepavali,after,129,W.P. Putrajaya,3,3,True
deepavali,after,193,Johor,3,0,False
deepavali,after,193,Kedah,3,0,False
deepavali,after,193,Kelantan,3,0,False
deepavali,after,193,Melaka,3,0,False
deepavali,after,193,Negeri Sembilan,3,0,False
deepavali,after,193,Pahang,3,0,False
deepavali,after,193,Perak,3,0,False
deepavali,after,193,Perlis,3,0,False
deepavali,after,193,Pulau Pinang,3,0,False
deepavali,after,193,Sabah,3,0,False
deepavali,after,193,Sarawak,3,0,False
deepavali,after,193,Selangor,3,0,False
deepavali,after,193,Terengganu,3,0,False
deepavali,after,193,W.P. Kuala Lumpur,3,0,False
deepavali,after,193,W.P. Labuan,3,0,False
deepavali,after,193,W.P. Putrajaya,3,0,False
deepavali,after,904,Johor,3,2,False
deepavali,after,904,Kedah,3,2,False
deepavali,after,904,Kelantan,3,2,False
deepavali,after,904,Melaka,3,2,False
deepavali,after,904,Negeri Sembilan,3,2,False
deepavali,after,904,Pahang,3,2,False
deepavali,after,904,Perak,3,2,False
deepavali,after,904,Perlis,3,1,False
deepavali,after,904,Pulau Pinang,3,3,True
deepavali,after,904,Sabah,3,0,False
deepavali,after,904,Sarawak,3,0,False
deepavali,after,904,Selangor,3,2,False
deepavali,after,904,Terengganu,3,2,False
deepavali,after,904,W.P. Kuala Lumpur,3,2,False
deepavali,after,904,W.P. Labuan,3,0,False
deepavali,after,904,W.P. Putrajaya,3,1,False
deepavali,after,917,Johor,3,3,True
deepavali,after,917,Kedah,3,0,False
deepavali,after,917,Kelantan,3,0,False
deepavali,after,917,Melaka,3,0,False
deepavali,after,917,Negeri Sembilan,3,0,False
deepavali,after,917,Pahang,3,3,True
deepavali,after,917,Perak,3,0,False
deepavali,after,917,Perlis,3,0,False
deepavali,after,917,Pulau Pinang,3,0,False
deepavali,after,917,Sabah,3,0,False
deepavali,after,917,Sarawak,3,0,False
deepavali,after,917,Selangor,3,0,False
deepavali,after,917,Terengganu,3,0,False
deepavali,after,917,W.P. Kuala Lumpur,3,0,False
deepavali,after,917,W.P. Labuan,3,0,False
deepavali,after,917,W.P. Putrajaya,3,0,False
deepavali,after,918,Johor,3,3,True
deepavali,after,918,Kedah,3,1,False
deepavali,after,918,Kelantan,3,1,False
deepavali,after,918,Melaka,3,1,False
deepavali,after,918,Negeri Sembilan,3,1,False
deepavali,after,918,Pahang,3,1,False
deepavali,after,918,Perak,3,1,False
deepavali,after,918,Perlis,3,1,False
deepavali,after,918,Pulau Pinang,3,1,False
deepavali,after,918,Sabah,3,1,False
deepavali,after,918,Sarawak,3,1,False
deepavali,after,918,Selangor,3,1,False
deepavali,after,918,Terengganu,3,1,False
deepavali,after,918,W.P. Kuala Lumpur,3,1,False
deepavali,after,918,W.P. Labuan,3,1,False
deepavali,after,918,W.P. Putrajaya,3,0,False
deepavali,after,1111,Johor,3,3,True
deepavali,after,1111,Kedah,3,3,True
deepavali,after,1111,Kelantan,3,3,True
deepavali,after,1111,Melaka,3,3,True
deepavali,after,1111,Negeri Sembilan,3,3,True
deepavali,after,1111,Pahang,3,3,True
deepavali,after,1111,Perak,3,3,True
deepavali,after,1111,Perlis,3,2,False
deepavali,after,1111,Pulau Pinang,3,3,True
deepavali,after,1111,Sabah,3,3,True
deepavali,after,1111,Sarawak,3,3,True
deepavali,after,1111,Selangor,3,3,True
deepavali,after,1111,Terengganu,3,3,True
deepavali,after,1111,W.P. Kuala Lumpur,3,3,True
deepavali,after,1111,W.P. Labuan,3,0,False
deepavali,after,1111,W.P. Putrajaya,3,2,False
deepavali,after,1131,Johor,3,3,True
deepavali,after,1131,Kedah,3,3,True
deepavali,after,1131,Kelantan,3,3,True
deepavali,after,1131,Melaka,3,3,True
deepavali,after,1131,Negeri Sembilan,3,3,True
deepavali,after,1131,Pahang,3,3,True
deepavali,after,1131,Perak,3,3,True
deepavali,after,1131,Perlis,3,3,True
deepavali,after,1131,Pulau Pinang,3,3,True
deepavali,after,1131,Sabah,3,3,True
deepavali,after,1131,Sarawak,3,3,True
deepavali,after,1131,Selangor,3,3,True
deepavali,after,1131,Terengganu,3,3,True
deepavali,after,1131,W.P. Kuala Lumpur,3,3,True
deepavali,after,1131,W.P. Labuan,3,3,True
deepavali,after,1131,W.P. Putrajaya,3,3,True
deepavali,after,1431,Johor,3,3,True
deepavali,after,1431,Kedah,3,2,False
deepavali,after,1431,Kelantan,3,2,False
deepavali,after,1431,Melaka,3,2,False
deepavali,after,1431,Negeri Sembilan,3,2,False
deepavali,after,1431,Pahang,3,2,False
deepavali,after,1431,Perak,3,2,False
deepavali,after,1431,Perlis,3,0,False
deepavali,after,1431,Pulau Pinang,3,2,False
deepavali,after,1431,Sabah,3,0,False
deepavali,after,1431,Sarawak,3,0,False
deepavali,after,1431,Selangor,3,2,False
deepavali,after,1431,Terengganu,3,2,False
deepavali,after,1431,W.P. Kuala Lumpur,3,2,False
deepavali,after,1431,W.P. Labuan,3,0,False
deepavali,after,1431,W.P. Putrajaya,3,0,False
deepavali,after,1555,Johor,3,3,True
deepavali,after,1555,Kedah,3,3,True
deepavali,after,1555,Kelantan,3,3,True
deepavali,after,1555,Melaka,3,3,True
deepavali,after,1555,Negeri Sembilan,3,3,True
deepavali,after,1555,Pahang,3,3,True
deepavali,after,1555,Perak,3,3,True
deepavali,after,1555,Perlis,3,3,True
deepavali,after,1555,Pulau Pinang,3,3,True
deepavali,after,1555,Sabah,3,3,True
deepavali,after,1555,Sarawak,3,3,True
deepavali,after,1555,Selangor,3,3,True
deepavali,after,1555,Terengganu,3,3,True
deepavali,after,1555,W.P. Kuala Lumpur,3,3,True
deepavali,after,1555,W.P. Labuan,3,1,False
deepavali,after,1555,W.P. Putrajaya,3,3,True
deepavali,after,1564,Johor,3,3,True
deepavali,after,1564,Kedah,3,3,True
deepavali,after,1564,Kelantan,3,3,True
deepavali,after,1564,Melaka,3,3,True
deepavali,after,1564,Negeri Sembilan,3,3,True
deepavali,after,1564,Pahang,3,3,True
deepavali,after,1564,Perak,3,3,True
deepavali,after,1564,Perlis,3,3,True
deepavali,after,1564,Pulau Pinang,3,3,True
deepavali,after,1564,Sabah,3,3,True
deepavali,after,1564,Sarawak,3,3,True
deepavali,after,1564,Selangor,3,3,True
deepavali,after,1564,Terengganu,3,3,True
deepavali,after,1564,W.P. Kuala Lumpur,3,3,True
deepavali,after,1564,W.P. Labuan,3,3,True
deepavali,after,1564,W.P. Putrajaya,3,3,True
deepavali,after,1589,Johor,3,3,True
deepavali,after,1589,Kedah,3,0,False
deepavali,after,1589,Kelantan,3,0,False
deepavali,after,1589,Melaka,3,0,False
deepavali,after,1589,Negeri Sembilan,3,0,False
deepavali,after,1589,Pahang,3,2,False
deepavali,after,1589,Perak,3,0,False
deepavali,after,1589,Perlis,3,0,False
deepavali,after,1589,Pulau Pinang,3,0,False
deepavali,after,1589,Sabah,3,0,False
deepavali,after,1589,Sarawak,3,1,False
deepavali,after,1589,Selangor,3,0,False
deepavali,after,1589,Terengganu,3,0,False
deepavali,after,1589,W.P. Kuala Lumpur,3,0,False
deepavali,after,1589,W.P. Labuan,3,0,False
deepavali,after,1589,W.P. Putrajaya,3,0,False
deepavali,lead_up,1,Johor,3,3,True
deepavali,lead_up,1,Kedah,3,3,True
deepavali,lead_up,1,Kelantan,3,3,True
deepavali,lead_up,1,Melaka,3,3,True
deepavali,lead_up,1,Negeri Sembilan,3,3,True
deepavali,lead_up,1,Pahang,3,3,True
deepavali,lead_up,1,Perak,3,3,True
deepavali,lead_up,1,Perlis,3,3,True
deepavali,lead_up,1,Pulau Pinang,3,3,True
deepavali,lead_up,1,Sabah,3,3,True
deepavali,lead_up,1,Sarawak,3,3,True
deepavali,lead_up,1,Selangor,3,3,True
deepavali,lead_up,1,Terengganu,3,3,True
deepavali,lead_up,1,W.P. Kuala Lumpur,3,3,True
deepavali,lead_up,1,W.P. Labuan,3,0,False
deepavali,lead_up,1,W.P. Putrajaya,3,3,True
deepavali,lead_up,94,Johor,3,3,True
deepavali,lead_up,94,Kedah,3,3,True
deepavali,lead_up,94,Kelantan,3,3,True
deepavali,lead_up,94,Melaka,3,2,False
deepavali,lead_up,94,Negeri Sembilan,3,3,True
deepavali,lead_up,94,Pahang,3,3,True
deepavali,lead_up,94,Perak,3,3,True
deepavali,lead_up,94,Perlis,3,3,True
deepavali,lead_up,94,Pulau Pinang,3,3,True
deepavali,lead_up,94,Sabah,3,3,True
deepavali,lead_up,94,Sarawak,3,3,True
deepavali,lead_up,94,Selangor,3,3,True
deepavali,lead_up,94,Terengganu,3,3,True
deepavali,lead_up,94,W.P. Kuala Lumpur,3,3,True
deepavali,lead_up,94,W.P. Labuan,3,0,False
deepavali,lead_up,94,W.P. Putrajaya,3,0,False
deepavali,lead_up,103,Johor,3,3,True
deepavali,lead_up,103,Kedah,3,2,False
deepavali,lead_up,103,Kelantan,3,2,False
deepavali,lead_up,103,Melaka,3,0,False
deepavali,lead_up,103,Negeri Sembilan,3,2,False
deepavali,lead_up,103,Pahang,3,3,True
deepavali,lead_up,103,Perak,3,2,False
deepavali,lead_up,103,Perlis,3,0,False
deepavali,lead_up,103,Pulau Pinang,3,2,False
deepavali,lead_up,103,Sabah,3,0,False
deepavali,lead_up,103,Sarawak,3,0,False
deepavali,lead_up,103,Selangor,3,2,False
deepavali,lead_up,103,Terengganu,3,2,False
deepavali,lead_up,103,W.P. Kuala Lumpur,3,2,False
deepavali,lead_up,103,W.P. Labuan,3,0,False
deepavali,lead_up,103,W.P. Putrajaya,3,2,False
deepavali,lead_up,114,Johor,3,3,True
deepavali,lead_up,114,Kedah,3,3,True
deepavali,lead_up,114,Kelantan,3,3,True
deepavali,lead_up,114,Melaka,3,3,True
deepavali,lead_up,114,Negeri Sembilan,3,3,True
deepavali,lead_up,114,Pahang,3,3,True
deepavali,lead_up,114,Perak,3,3,True
deepavali,lead_up,114,Perlis,3,3,True
deepavali,lead_up,114,Pulau Pinang,3,3,True
deepavali,lead_up,114,Sabah,3,3,True
deepavali,lead_up,114,Sarawak,3,3,True
deepavali,lead_up,114,Selangor,3,3,True
deepavali,lead_up,114,Terengganu,3,3,True
deepavali,lead_up,114,W.P. Kuala Lumpur,3,3,True
deepavali,lead_up,114,W.P. Labuan,3,3,True
deepavali,lead_up,114,W.P. Putrajaya,3,3,True
deepavali,lead_up,129,Johor,3,3,True
deepavali,lead_up,129,Kedah,3,3,True
deepavali,lead_up,129,Kelantan,3,3,True
deepavali,lead_up,129,Melaka,3,3,True
deepavali,lead_up,129,Negeri Sembilan,3,3,True
deepavali,lead_up,129,Pahang,3,3,True
deepavali,lead_up,129,Perak,3,3,True
deepavali,lead_up,129,Perlis,3,3,True
deepavali,lead_up,129,Pulau Pinang,3,3,True
deepavali,lead_up,129,Sabah,3,3,True
deepavali,lead_up,129,Sarawak,3,3,True
deepavali,lead_up,129,Selangor,3,3,True
deepavali,lead_up,129,Terengganu,3,3,True
deepavali,lead_up,129,W.P. Kuala Lumpur,3,3,True
deepavali,lead_up,129,W.P. Labuan,3,3,True
deepavali,lead_up,129,W.P. Putrajaya,3,3,True
deepavali,lead_up,193,Johor,3,0,False
deepavali,lead_up,193,Kedah,3,0,False
deepavali,lead_up,193,Kelantan,3,0,False
deepavali,lead_up,193,Melaka,3,0,False
deepavali,lead_up,193,Negeri Sembilan,3,0,False
deepavali,lead_up,193,Pahang,3,0,False
deepavali,lead_up,193,Perak,3,0,False
deepavali,lead_up,193,Perlis,3,0,False
deepavali,lead_up,193,Pulau Pinang,3,0,False
deepavali,lead_up,193,Sabah,3,0,False
deepavali,lead_up,193,Sarawak,3,1,False
deepavali,lead_up,193,Selangor,3,0,False
deepavali,lead_up,193,Terengganu,3,0,False
deepavali,lead_up,193,W.P. Kuala Lumpur,3,0,False
deepavali,lead_up,193,W.P. Labuan,3,0,False
deepavali,lead_up,193,W.P. Putrajaya,3,0,False
deepavali,lead_up,904,Johor,3,2,False
deepavali,lead_up,904,Kedah,3,2,False
deepavali,lead_up,904,Kelantan,3,2,False
deepavali,lead_up,904,Melaka,3,2,False
deepavali,lead_up,904,Negeri Sembilan,3,2,False
deepavali,lead_up,904,Pahang,3,2,False
deepavali,lead_up,904,Perak,3,2,False
deepavali,lead_up,904,Perlis,3,1,False
deepavali,lead_up,904,Pulau Pinang,3,2,False
deepavali,lead_up,904,Sabah,3,0,False
deepavali,lead_up,904,Sarawak,3,0,False
deepavali,lead_up,904,Selangor,3,2,False
deepavali,lead_up,904,Terengganu,3,2,False
deepavali,lead_up,904,W.P. Kuala Lumpur,3,2,False
deepavali,lead_up,904,W.P. Labuan,3,0,False
deepavali,lead_up,904,W.P. Putrajaya,3,2,False
deepavali,lead_up,917,Johor,3,3,True
deepavali,lead_up,917,Kedah,3,0,False
deepavali,lead_up,917,Kelantan,3,0,False
deepavali,lead_up,917,Melaka,3,0,False
deepavali,lead_up,917,Negeri Sembilan,3,0,False
deepavali,lead_up,917,Pahang,3,3,True
deepavali,lead_up,917,Perak,3,0,False
deepavali,lead_up,917,Perlis,3,0,False
deepavali,lead_up,917,Pulau Pinang,3,0,False
deepavali,lead_up,917,Sabah,3,0,False
deepavali,lead_up,917,Sarawak,3,0,False
deepavali,lead_up,917,Selangor,3,0,False
deepavali,lead_up,917,Terengganu,3,0,False
deepavali,lead_up,917,W.P. Kuala Lumpur,3,0,False
deepavali,lead_up,917,W.P. Labuan,3,0,False
deepavali,lead_up,917,W.P. Putrajaya,3,0,False
deepavali,lead_up,918,Johor,3,3,True
deepavali,lead_up,918,Kedah,3,1,False
deepavali,lead_up,918,Kelantan,3,1,False
deepavali,lead_up,918,Melaka,3,1,False
deepavali,lead_up,918,Negeri Sembilan,3,1,False
deepavali,lead_up,918,Pahang,3,1,False
deepavali,lead_up,918,Perak,3,1,False
deepavali,lead_up,918,Perlis,3,1,False
deepavali,lead_up,918,Pulau Pinang,3,1,False
deepavali,lead_up,918,Sabah,3,1,False
deepavali,lead_up,918,Sarawak,3,1,False
deepavali,lead_up,918,Selangor,3,1,False
deepavali,lead_up,918,Terengganu,3,1,False
deepavali,lead_up,918,W.P. Kuala Lumpur,3,1,False
deepavali,lead_up,918,W.P. Labuan,3,1,False
deepavali,lead_up,918,W.P. Putrajaya,3,0,False
deepavali,lead_up,1111,Johor,3,3,True
deepavali,lead_up,1111,Kedah,3,3,True
deepavali,lead_up,1111,Kelantan,3,3,True
deepavali,lead_up,1111,Melaka,3,3,True
deepavali,lead_up,1111,Negeri Sembilan,3,3,True
deepavali,lead_up,1111,Pahang,3,3,True
deepavali,lead_up,1111,Perak,3,3,True
deepavali,lead_up,1111,Perlis,3,2,False
deepavali,lead_up,1111,Pulau Pinang,3,3,True
deepavali,lead_up,1111,Sabah,3,3,True
deepavali,lead_up,1111,Sarawak,3,3,True
deepavali,lead_up,1111,Selangor,3,3,True
deepavali,lead_up,1111,Terengganu,3,3,True
deepavali,lead_up,1111,W.P. Kuala Lumpur,3,3,True
deepavali,lead_up,1111,W.P. Labuan,3,0,False
deepavali,lead_up,1111,W.P. Putrajaya,3,1,False
deepavali,lead_up,1131,Johor,3,3,True
deepavali,lead_up,1131,Kedah,3,3,True
deepavali,lead_up,1131,Kelantan,3,3,True
deepavali,lead_up,1131,Melaka,3,3,True
deepavali,lead_up,1131,Negeri Sembilan,3,3,True
deepavali,lead_up,1131,Pahang,3,3,True
deepavali,lead_up,1131,Perak,3,3,True
deepavali,lead_up,1131,Perlis,3,3,True
deepavali,lead_up,1131,Pulau Pinang,3,3,True
deepavali,lead_up,1131,Sabah,3,3,True
deepavali,lead_up,1131,Sarawak,3,3,True
deepavali,lead_up,1131,Selangor,3,3,True
deepavali,lead_up,1131,Terengganu,3,3,True
deepavali,lead_up,1131,W.P. Kuala Lumpur,3,3,True
deepavali,lead_up,1131,W.P. Labuan,3,3,True
deepavali,lead_up,1131,W.P. Putrajaya,3,3,True
deepavali,lead_up,1431,Johor,3,3,True
deepavali,lead_up,1431,Kedah,3,2,False
deepavali,lead_up,1431,Kelantan,3,2,False
deepavali,lead_up,1431,Melaka,3,2,False
deepavali,lead_up,1431,Negeri Sembilan,3,2,False
deepavali,lead_up,1431,Pahang,3,2,False
deepavali,lead_up,1431,Perak,3,2,False
deepavali,lead_up,1431,Perlis,3,0,False
deepavali,lead_up,1431,Pulau Pinang,3,2,False
deepavali,lead_up,1431,Sabah,3,0,False
deepavali,lead_up,1431,Sarawak,3,0,False
deepavali,lead_up,1431,Selangor,3,2,False
deepavali,lead_up,1431,Terengganu,3,2,False
deepavali,lead_up,1431,W.P. Kuala Lumpur,3,1,False
deepavali,lead_up,1431,W.P. Labuan,3,0,False
deepavali,lead_up,1431,W.P. Putrajaya,3,0,False
deepavali,lead_up,1555,Johor,3,3,True
deepavali,lead_up,1555,Kedah,3,3,True
deepavali,lead_up,1555,Kelantan,3,3,True
deepavali,lead_up,1555,Melaka,3,3,True
deepavali,lead_up,1555,Negeri Sembilan,3,3,True
deepavali,lead_up,1555,Pahang,3,3,True
deepavali,lead_up,1555,Perak,3,3,True
deepavali,lead_up,1555,Perlis,3,3,True
deepavali,lead_up,1555,Pulau Pinang,3,3,True
deepavali,lead_up,1555,Sabah,3,3,True
deepavali,lead_up,1555,Sarawak,3,3,True
deepavali,lead_up,1555,Selangor,3,3,True
deepavali,lead_up,1555,Terengganu,3,3,True
deepavali,lead_up,1555,W.P. Kuala Lumpur,3,3,True
deepavali,lead_up,1555,W.P. Labuan,3,1,False
deepavali,lead_up,1555,W.P. Putrajaya,3,3,True
deepavali,lead_up,1564,Johor,3,3,True
deepavali,lead_up,1564,Kedah,3,3,True
deepavali,lead_up,1564,Kelantan,3,3,True
deepavali,lead_up,1564,Melaka,3,3,True
deepavali,lead_up,1564,Negeri Sembilan,3,3,True
deepavali,lead_up,1564,Pahang,3,3,True
deepavali,lead_up,1564,Perak,3,3,True
deepavali,lead_up,1564,Perlis,3,3,True
deepavali,lead_up,1564,Pulau Pinang,3,3,True
deepavali,lead_up,1564,Sabah,3,3,True
deepavali,lead_up,1564,Sarawak,3,3,True
deepavali,lead_up,1564,Selangor,3,3,True
deepavali,lead_up,1564,Terengganu,3,3,True
deepavali,lead_up,1564,W.P. Kuala Lumpur,3,3,True
deepavali,lead_up,1564,W.P. Labuan,3,3,True
deepavali,lead_up,1564,W.P. Putrajaya,3,3,True
deepavali,lead_up,1589,Johor,3,3,True
deepavali,lead_up,1589,Kedah,3,0,False
deepavali,lead_up,1589,Kelantan,3,0,False
deepavali,lead_up,1589,Melaka,3,0,False
deepavali,lead_up,1589,Negeri Sembilan,3,0,False
deepavali,lead_up,1589,Pahang,3,2,False
deepavali,lead_up,1589,Perak,3,0,False
deepavali,lead_up,1589,Perlis,3,0,False
deepavali,lead_up,1589,Pulau Pinang,3,0,False
deepavali,lead_up,1589,Sabah,3,0,False
deepavali,lead_up,1589,Sarawak,3,1,False
deepavali,lead_up,1589,Selangor,3,0,False
deepavali,lead_up,1589,Terengganu,3,0,False
deepavali,lead_up,1589,W.P. Kuala Lumpur,3,0,False
deepavali,lead_up,1589,W.P. Labuan,3,0,False
deepavali,lead_up,1589,W.P. Putrajaya,3,0,False
ramadan_raya,after_raya,1,Johor,3,3,True
ramadan_raya,after_raya,1,Kedah,3,3,True
ramadan_raya,after_raya,1,Kelantan,3,3,True
ramadan_raya,after_raya,1,Melaka,3,3,True
ramadan_raya,after_raya,1,Negeri Sembilan,3,3,True
ramadan_raya,after_raya,1,Pahang,3,3,True
ramadan_raya,after_raya,1,Perak,3,3,True
ramadan_raya,after_raya,1,Perlis,3,3,True
ramadan_raya,after_raya,1,Pulau Pinang,3,3,True
ramadan_raya,after_raya,1,Sabah,3,3,True
ramadan_raya,after_raya,1,Sarawak,3,3,True
ramadan_raya,after_raya,1,Selangor,3,3,True
ramadan_raya,after_raya,1,Terengganu,3,3,True
ramadan_raya,after_raya,1,W.P. Kuala Lumpur,3,3,True
ramadan_raya,after_raya,1,W.P. Labuan,3,0,False
ramadan_raya,after_raya,1,W.P. Putrajaya,3,3,True
ramadan_raya,after_raya,94,Johor,3,3,True
ramadan_raya,after_raya,94,Kedah,3,3,True
ramadan_raya,after_raya,94,Kelantan,3,3,True
ramadan_raya,after_raya,94,Melaka,3,1,False
ramadan_raya,after_raya,94,Negeri Sembilan,3,3,True
ramadan_raya,after_raya,94,Pahang,3,3,True
ramadan_raya,after_raya,94,Perak,3,3,True
ramadan_raya,after_raya,94,Perlis,3,3,True
ramadan_raya,after_raya,94,Pulau Pinang,3,3,True
ramadan_raya,after_raya,94,Sabah,3,3,True
ramadan_raya,after_raya,94,Sarawak,3,3,True
ramadan_raya,after_raya,94,Selangor,3,3,True
ramadan_raya,after_raya,94,Terengganu,3,3,True
ramadan_raya,after_raya,94,W.P. Kuala Lumpur,3,3,True
ramadan_raya,after_raya,94,W.P. Labuan,3,0,False
ramadan_raya,after_raya,94,W.P. Putrajaya,3,0,False
ramadan_raya,after_raya,103,Johor,3,3,True
ramadan_raya,after_raya,103,Kedah,3,3,True
ramadan_raya,after_raya,103,Kelantan,3,2,False
ramadan_raya,after_raya,103,Melaka,3,0,False
ramadan_raya,after_raya,103,Negeri Sembilan,3,3,True
ramadan_raya,after_raya,103,Pahang,3,3,True
ramadan_raya,after_raya,103,Perak,3,3,True
ramadan_raya,after_raya,103,Perlis,3,0,False
ramadan_raya,after_raya,103,Pulau Pinang,3,3,True
ramadan_raya,after_raya,103,Sabah,3,0,False
ramadan_raya,after_raya,103,Sarawak,3,0,False
ramadan_raya,after_raya,103,Selangor,3,3,True
ramadan_raya,after_raya,103,Terengganu,3,3,True
ramadan_raya,after_raya,103,W.P. Kuala Lumpur,3,3,True
ramadan_raya,after_raya,103,W.P. Labuan,3,0,False
ramadan_raya,after_raya,103,W.P. Putrajaya,3,3,True
ramadan_raya,after_raya,114,Johor,3,3,True
ramadan_raya,after_raya,114,Kedah,3,3,True
ramadan_raya,after_raya,114,Kelantan,3,3,True
ramadan_raya,after_raya,114,Melaka,3,3,True
ramadan_raya,after_raya,114,Negeri Sembilan,3,3,True
ramadan_raya,after_raya,114,Pahang,3,3,True
ramadan_raya,after_raya,114,Perak,3,3,True
ramadan_raya,after_raya,114,Perlis,3,3,True
ramadan_raya,after_raya,114,Pulau Pinang,3,3,True
ramadan_raya,after_raya,114,Sabah,3,3,True
ramadan_raya,after_raya,114,Sarawak,3,3,True
ramadan_raya,after_raya,114,Selangor,3,3,True
ramadan_raya,after_raya,114,Terengganu,3,3,True
ramadan_raya,after_raya,114,W.P. Kuala Lumpur,3,3,True
ramadan_raya,after_raya,114,W.P. Labuan,3,2,False
ramadan_raya,after_raya,114,W.P. Putrajaya,3,3,True
ramadan_raya,after_raya,129,Johor,3,3,True
ramadan_raya,after_raya,129,Kedah,3,3,True
ramadan_raya,after_raya,129,Kelantan,3,3,True
ramadan_raya,after_raya,129,Melaka,3,3,True
ramadan_raya,after_raya,129,Negeri Sembilan,3,3,True
ramadan_raya,after_raya,129,Pahang,3,3,True
ramadan_raya,after_raya,129,Perak,3,3,True
ramadan_raya,after_raya,129,Perlis,3,3,True
ramadan_raya,after_raya,129,Pulau Pinang,3,3,True
ramadan_raya,after_raya,129,Sabah,3,3,True
ramadan_raya,after_raya,129,Sarawak,3,3,True
ramadan_raya,after_raya,129,Selangor,3,3,True
ramadan_raya,after_raya,129,Terengganu,3,3,True
ramadan_raya,after_raya,129,W.P. Kuala Lumpur,3,3,True
ramadan_raya,after_raya,129,W.P. Labuan,3,3,True
ramadan_raya,after_raya,129,W.P. Putrajaya,3,3,True
ramadan_raya,after_raya,193,Johor,3,0,False
ramadan_raya,after_raya,193,Kedah,3,0,False
ramadan_raya,after_raya,193,Kelantan,3,0,False
ramadan_raya,after_raya,193,Melaka,3,0,False
ramadan_raya,after_raya,193,Negeri Sembilan,3,0,False
ramadan_raya,after_raya,193,Pahang,3,0,False
ramadan_raya,after_raya,193,Perak,3,0,False
ramadan_raya,after_raya,193,Perlis,3,0,False
ramadan_raya,after_raya,193,Pulau Pinang,3,0,False
ramadan_raya,after_raya,193,Sabah,3,0,False
ramadan_raya,after_raya,193,Sarawak,3,0,False
ramadan_raya,after_raya,193,Selangor,3,0,False
ramadan_raya,after_raya,193,Terengganu,3,0,False
ramadan_raya,after_raya,193,W.P. Kuala Lumpur,3,0,False
ramadan_raya,after_raya,193,W.P. Labuan,3,0,False
ramadan_raya,after_raya,193,W.P. Putrajaya,3,0,False
ramadan_raya,after_raya,904,Johor,3,1,False
ramadan_raya,after_raya,904,Kedah,3,1,False
ramadan_raya,after_raya,904,Kelantan,3,1,False
ramadan_raya,after_raya,904,Melaka,3,1,False
ramadan_raya,after_raya,904,Negeri Sembilan,3,1,False
ramadan_raya,after_raya,904,Pahang,3,1,False
ramadan_raya,after_raya,904,Perak,3,1,False
ramadan_raya,after_raya,904,Perlis,3,0,False
ramadan_raya,after_raya,904,Pulau Pinang,3,1,False
ramadan_raya,after_raya,904,Sabah,3,0,False
ramadan_raya,after_raya,904,Sarawak,3,0,False
ramadan_raya,after_raya,904,Selangor,3,1,False
ramadan_raya,after_raya,904,Terengganu,3,1,False
ramadan_raya,after_raya,904,W.P. Kuala Lumpur,3,1,False
ramadan_raya,after_raya,904,W.P. Labuan,3,0,False
ramadan_raya,after_raya,904,W.P. Putrajaya,3,1,False
ramadan_raya,after_raya,917,Johor,3,1,False
ramadan_raya,after_raya,917,Kedah,3,0,False
ramadan_raya,after_raya,917,Kelantan,3,0,False
ramadan_raya,after_raya,917,Melaka,3,0,False
ramadan_raya,after_raya,917,Negeri Sembilan,3,0,False
ramadan_raya,after_raya,917,Pahang,3,2,False
ramadan_raya,after_raya,917,Perak,3,0,False
ramadan_raya,after_raya,917,Perlis,3,0,False
ramadan_raya,after_raya,917,Pulau Pinang,3,0,False
ramadan_raya,after_raya,917,Sabah,3,0,False
ramadan_raya,after_raya,917,Sarawak,3,0,False
ramadan_raya,after_raya,917,Selangor,3,0,False
ramadan_raya,after_raya,917,Terengganu,3,0,False
ramadan_raya,after_raya,917,W.P. Kuala Lumpur,3,0,False
ramadan_raya,after_raya,917,W.P. Labuan,3,0,False
ramadan_raya,after_raya,917,W.P. Putrajaya,3,0,False
ramadan_raya,after_raya,918,Johor,3,2,False
ramadan_raya,after_raya,918,Kedah,3,1,False
ramadan_raya,after_raya,918,Kelantan,3,1,False
ramadan_raya,after_raya,918,Melaka,3,1,False
ramadan_raya,after_raya,918,Negeri Sembilan,3,1,False
ramadan_raya,after_raya,918,Pahang,3,1,False
ramadan_raya,after_raya,918,Perak,3,1,False
ramadan_raya,after_raya,918,Perlis,3,1,False
ramadan_raya,after_raya,918,Pulau Pinang,3,1,False
ramadan_raya,after_raya,918,Sabah,3,1,False
ramadan_raya,after_raya,918,Sarawak,3,1,False
ramadan_raya,after_raya,918,Selangor,3,1,False
ramadan_raya,after_raya,918,Terengganu,3,1,False
ramadan_raya,after_raya,918,W.P. Kuala Lumpur,3,1,False
ramadan_raya,after_raya,918,W.P. Labuan,3,1,False
ramadan_raya,after_raya,918,W.P. Putrajaya,3,0,False
ramadan_raya,after_raya,1111,Johor,3,3,True
ramadan_raya,after_raya,1111,Kedah,3,3,True
ramadan_raya,after_raya,1111,Kelantan,3,3,True
ramadan_raya,after_raya,1111,Melaka,3,3,True
ramadan_raya,after_raya,1111,Negeri Sembilan,3,3,True
ramadan_raya,after_raya,1111,Pahang,3,3,True
ramadan_raya,after_raya,1111,Perak,3,3,True
ramadan_raya,after_raya,1111,Perlis,3,1,False
ramadan_raya,after_raya,1111,Pulau Pinang,3,3,True
ramadan_raya,after_raya,1111,Sabah,3,2,False
ramadan_raya,after_raya,1111,Sarawak,3,3,True
ramadan_raya,after_raya,1111,Selangor,3,3,True
ramadan_raya,after_raya,1111,Terengganu,3,3,True
ramadan_raya,after_raya,1111,W.P. Kuala Lumpur,3,3,True
ramadan_raya,after_raya,1111,W.P. Labuan,3,0,False
ramadan_raya,after_raya,1111,W.P. Putrajaya,3,2,False
ramadan_raya,after_raya,1131,Johor,3,3,True
ramadan_raya,after_raya,1131,Kedah,3,3,True
ramadan_raya,after_raya,1131,Kelantan,3,3,True
ramadan_raya,after_raya,1131,Melaka,3,3,True
ramadan_raya,after_raya,1131,Negeri Sembilan,3,3,True
ramadan_raya,after_raya,1131,Pahang,3,3,True
ramadan_raya,after_raya,1131,Perak,3,3,True
ramadan_raya,after_raya,1131,Perlis,3,3,True
ramadan_raya,after_raya,1131,Pulau Pinang,3,3,True
ramadan_raya,after_raya,1131,Sabah,3,3,True
ramadan_raya,after_raya,1131,Sarawak,3,3,True
ramadan_raya,after_raya,1131,Selangor,3,3,True
ramadan_raya,after_raya,1131,Terengganu,3,3,True
ramadan_raya,after_raya,1131,W.P. Kuala Lumpur,3,3,True
ramadan_raya,after_raya,1131,W.P. Labuan,3,3,True
ramadan_raya,after_raya,1131,W.P. Putrajaya,3,3,True
ramadan_raya,after_raya,1431,Johor,3,3,True
ramadan_raya,after_raya,1431,Kedah,3,3,True
ramadan_raya,after_raya,1431,Kelantan,3,3,True
ramadan_raya,after_raya,1431,Melaka,3,3,True
ramadan_raya,after_raya,1431,Negeri Sembilan,3,3,True
ramadan_raya,after_raya,1431,Pahang,3,3,True
ramadan_raya,after_raya,1431,Perak,3,3,True
ramadan_raya,after_raya,1431,Perlis,3,1,False
ramadan_raya,after_raya,1431,Pulau Pinang,3,3,True
ramadan_raya,after_raya,1431,Sabah,3,0,False
ramadan_raya,after_raya,1431,Sarawak,3,0,False
ramadan_raya,after_raya,1431,Selangor,3,3,True
ramadan_raya,after_raya,1431,Terengganu,3,3,True
ramadan_raya,after_raya,1431,W.P. Kuala Lumpur,3,1,False
ramadan_raya,after_raya,1431,W.P. Labuan,3,0,False
ramadan_raya,after_raya,1431,W.P. Putrajaya,3,0,False
ramadan_raya,after_raya,1555,Johor,3,3,True
ramadan_raya,after_raya,1555,Kedah,3,3,True
ramadan_raya,after_raya,1555,Kelantan,3,3,True
ramadan_raya,after_raya,1555,Melaka,3,3,True
ramadan_raya,after_raya,1555,Negeri Sembilan,3,3,True
ramadan_raya,after_raya,1555,Pahang,3,3,True
ramadan_raya,after_raya,1555,Perak,3,3,True
ramadan_raya,after_raya,1555,Perlis,3,3,True
ramadan_raya,after_raya,1555,Pulau Pinang,3,3,True
ramadan_raya,after_raya,1555,Sabah,3,3,True
ramadan_raya,after_raya,1555,Sarawak,3,3,True
ramadan_raya,after_raya,1555,Selangor,3,3,True
ramadan_raya,after_raya,1555,Terengganu,3,3,True
ramadan_raya,after_raya,1555,W.P. Kuala Lumpur,3,3,True
ramadan_raya,after_raya,1555,W.P. Labuan,3,0,False
ramadan_raya,after_raya,1555,W.P. Putrajaya,3,3,True
ramadan_raya,after_raya,1564,Johor,3,3,True
ramadan_raya,after_raya,1564,Kedah,3,3,True
ramadan_raya,after_raya,1564,Kelantan,3,3,True
ramadan_raya,after_raya,1564,Melaka,3,3,True
ramadan_raya,after_raya,1564,Negeri Sembilan,3,3,True
ramadan_raya,after_raya,1564,Pahang,3,3,True
ramadan_raya,after_raya,1564,Perak,3,3,True
ramadan_raya,after_raya,1564,Perlis,3,3,True
ramadan_raya,after_raya,1564,Pulau Pinang,3,3,True
ramadan_raya,after_raya,1564,Sabah,3,3,True
ramadan_raya,after_raya,1564,Sarawak,3,3,True
ramadan_raya,after_raya,1564,Selangor,3,3,True
ramadan_raya,after_raya,1564,Terengganu,3,3,True
ramadan_raya,after_raya,1564,W.P. Kuala Lumpur,3,3,True
ramadan_raya,after_raya,1564,W.P. Labuan,3,3,True
ramadan_raya,after_raya,1564,W.P. Putrajaya,3,3,True
ramadan_raya,after_raya,1589,Johor,3,1,False
ramadan_raya,after_raya,1589,Kedah,3,0,False
ramadan_raya,after_raya,1589,Kelantan,3,0,False
ramadan_raya,after_raya,1589,Melaka,3,0,False
ramadan_raya,after_raya,1589,Negeri Sembilan,3,0,False
ramadan_raya,after_raya,1589,Pahang,3,1,False
ramadan_raya,after_raya,1589,Perak,3,0,False
ramadan_raya,after_raya,1589,Perlis,3,0,False
ramadan_raya,after_raya,1589,Pulau Pinang,3,0,False
ramadan_raya,after_raya,1589,Sabah,3,0,False
ramadan_raya,after_raya,1589,Sarawak,3,0,False
ramadan_raya,after_raya,1589,Selangor,3,0,False
ramadan_raya,after_raya,1589,Terengganu,3,0,False
ramadan_raya,after_raya,1589,W.P. Kuala Lumpur,3,0,False
ramadan_raya,after_raya,1589,W.P. Labuan,3,0,False
ramadan_raya,after_raya,1589,W.P. Putrajaya,3,0,False
ramadan_raya,early_ramadan,1,Johor,3,3,True
ramadan_raya,early_ramadan,1,Kedah,3,3,True
ramadan_raya,early_ramadan,1,Kelantan,3,3,True
ramadan_raya,early_ramadan,1,Melaka,3,3,True
ramadan_raya,early_ramadan,1,Negeri Sembilan,3,3,True
ramadan_raya,early_ramadan,1,Pahang,3,3,True
ramadan_raya,early_ramadan,1,Perak,3,3,True
ramadan_raya,early_ramadan,1,Perlis,3,3,True
ramadan_raya,early_ramadan,1,Pulau Pinang,3,3,True
ramadan_raya,early_ramadan,1,Sabah,3,3,True
ramadan_raya,early_ramadan,1,Sarawak,3,3,True
ramadan_raya,early_ramadan,1,Selangor,3,3,True
ramadan_raya,early_ramadan,1,Terengganu,3,3,True
ramadan_raya,early_ramadan,1,W.P. Kuala Lumpur,3,3,True
ramadan_raya,early_ramadan,1,W.P. Labuan,3,0,False
ramadan_raya,early_ramadan,1,W.P. Putrajaya,3,3,True
ramadan_raya,early_ramadan,94,Johor,3,3,True
ramadan_raya,early_ramadan,94,Kedah,3,3,True
ramadan_raya,early_ramadan,94,Kelantan,3,3,True
ramadan_raya,early_ramadan,94,Melaka,3,2,False
ramadan_raya,early_ramadan,94,Negeri Sembilan,3,3,True
ramadan_raya,early_ramadan,94,Pahang,3,3,True
ramadan_raya,early_ramadan,94,Perak,3,3,True
ramadan_raya,early_ramadan,94,Perlis,3,3,True
ramadan_raya,early_ramadan,94,Pulau Pinang,3,3,True
ramadan_raya,early_ramadan,94,Sabah,3,3,True
ramadan_raya,early_ramadan,94,Sarawak,3,3,True
ramadan_raya,early_ramadan,94,Selangor,3,3,True
ramadan_raya,early_ramadan,94,Terengganu,3,3,True
ramadan_raya,early_ramadan,94,W.P. Kuala Lumpur,3,3,True
ramadan_raya,early_ramadan,94,W.P. Labuan,3,0,False
ramadan_raya,early_ramadan,94,W.P. Putrajaya,3,0,False
ramadan_raya,early_ramadan,103,Johor,3,3,True
ramadan_raya,early_ramadan,103,Kedah,3,3,True
ramadan_raya,early_ramadan,103,Kelantan,3,3,True
ramadan_raya,early_ramadan,103,Melaka,3,0,False
ramadan_raya,early_ramadan,103,Negeri Sembilan,3,3,True
ramadan_raya,early_ramadan,103,Pahang,3,3,True
ramadan_raya,early_ramadan,103,Perak,3,3,True
ramadan_raya,early_ramadan,103,Perlis,3,0,False
ramadan_raya,early_ramadan,103,Pulau Pinang,3,3,True
ramadan_raya,early_ramadan,103,Sabah,3,0,False
ramadan_raya,early_ramadan,103,Sarawak,3,0,False
ramadan_raya,early_ramadan,103,Selangor,3,3,True
ramadan_raya,early_ramadan,103,Terengganu,3,3,True
ramadan_raya,early_ramadan,103,W.P. Kuala Lumpur,3,3,True
ramadan_raya,early_ramadan,103,W.P. Labuan,3,0,False
ramadan_raya,early_ramadan,103,W.P. Putrajaya,3,3,True
ramadan_raya,early_ramadan,114,Johor,3,3,True
ramadan_raya,early_ramadan,114,Kedah,3,3,True
ramadan_raya,early_ramadan,114,Kelantan,3,3,True
ramadan_raya,early_ramadan,114,Melaka,3,3,True
ramadan_raya,early_ramadan,114,Negeri Sembilan,3,3,True
ramadan_raya,early_ramadan,114,Pahang,3,3,True
ramadan_raya,early_ramadan,114,Perak,3,3,True
ramadan_raya,early_ramadan,114,Perlis,3,3,True
ramadan_raya,early_ramadan,114,Pulau Pinang,3,3,True
ramadan_raya,early_ramadan,114,Sabah,3,3,True
ramadan_raya,early_ramadan,114,Sarawak,3,3,True
ramadan_raya,early_ramadan,114,Selangor,3,3,True
ramadan_raya,early_ramadan,114,Terengganu,3,3,True
ramadan_raya,early_ramadan,114,W.P. Kuala Lumpur,3,3,True
ramadan_raya,early_ramadan,114,W.P. Labuan,3,2,False
ramadan_raya,early_ramadan,114,W.P. Putrajaya,3,3,True
ramadan_raya,early_ramadan,129,Johor,3,3,True
ramadan_raya,early_ramadan,129,Kedah,3,3,True
ramadan_raya,early_ramadan,129,Kelantan,3,3,True
ramadan_raya,early_ramadan,129,Melaka,3,3,True
ramadan_raya,early_ramadan,129,Negeri Sembilan,3,3,True
ramadan_raya,early_ramadan,129,Pahang,3,3,True
ramadan_raya,early_ramadan,129,Perak,3,3,True
ramadan_raya,early_ramadan,129,Perlis,3,3,True
ramadan_raya,early_ramadan,129,Pulau Pinang,3,3,True
ramadan_raya,early_ramadan,129,Sabah,3,3,True
ramadan_raya,early_ramadan,129,Sarawak,3,3,True
ramadan_raya,early_ramadan,129,Selangor,3,3,True
ramadan_raya,early_ramadan,129,Terengganu,3,3,True
ramadan_raya,early_ramadan,129,W.P. Kuala Lumpur,3,3,True
ramadan_raya,early_ramadan,129,W.P. Labuan,3,3,True
ramadan_raya,early_ramadan,129,W.P. Putrajaya,3,3,True
ramadan_raya,early_ramadan,193,Johor,3,0,False
ramadan_raya,early_ramadan,193,Kedah,3,0,False
ramadan_raya,early_ramadan,193,Kelantan,3,0,False
ramadan_raya,early_ramadan,193,Melaka,3,0,False
ramadan_raya,early_ramadan,193,Negeri Sembilan,3,0,False
ramadan_raya,early_ramadan,193,Pahang,3,0,False
ramadan_raya,early_ramadan,193,Perak,3,0,False
ramadan_raya,early_ramadan,193,Perlis,3,0,False
ramadan_raya,early_ramadan,193,Pulau Pinang,3,0,False
ramadan_raya,early_ramadan,193,Sabah,3,0,False
ramadan_raya,early_ramadan,193,Sarawak,3,0,False
ramadan_raya,early_ramadan,193,Selangor,3,0,False
ramadan_raya,early_ramadan,193,Terengganu,3,0,False
ramadan_raya,early_ramadan,193,W.P. Kuala Lumpur,3,0,False
ramadan_raya,early_ramadan,193,W.P. Labuan,3,0,False
ramadan_raya,early_ramadan,193,W.P. Putrajaya,3,0,False
ramadan_raya,early_ramadan,904,Johor,3,1,False
ramadan_raya,early_ramadan,904,Kedah,3,1,False
ramadan_raya,early_ramadan,904,Kelantan,3,1,False
ramadan_raya,early_ramadan,904,Melaka,3,1,False
ramadan_raya,early_ramadan,904,Negeri Sembilan,3,1,False
ramadan_raya,early_ramadan,904,Pahang,3,1,False
ramadan_raya,early_ramadan,904,Perak,3,1,False
ramadan_raya,early_ramadan,904,Perlis,3,0,False
ramadan_raya,early_ramadan,904,Pulau Pinang,3,1,False
ramadan_raya,early_ramadan,904,Sabah,3,0,False
ramadan_raya,early_ramadan,904,Sarawak,3,0,False
ramadan_raya,early_ramadan,904,Selangor,3,1,False
ramadan_raya,early_ramadan,904,Terengganu,3,1,False
ramadan_raya,early_ramadan,904,W.P. Kuala Lumpur,3,1,False
ramadan_raya,early_ramadan,904,W.P. Labuan,3,0,False
ramadan_raya,early_ramadan,904,W.P. Putrajaya,3,1,False
ramadan_raya,early_ramadan,917,Johor,3,1,False
ramadan_raya,early_ramadan,917,Kedah,3,0,False
ramadan_raya,early_ramadan,917,Kelantan,3,0,False
ramadan_raya,early_ramadan,917,Melaka,3,0,False
ramadan_raya,early_ramadan,917,Negeri Sembilan,3,0,False
ramadan_raya,early_ramadan,917,Pahang,3,3,True
ramadan_raya,early_ramadan,917,Perak,3,0,False
ramadan_raya,early_ramadan,917,Perlis,3,0,False
ramadan_raya,early_ramadan,917,Pulau Pinang,3,0,False
ramadan_raya,early_ramadan,917,Sabah,3,0,False
ramadan_raya,early_ramadan,917,Sarawak,3,0,False
ramadan_raya,early_ramadan,917,Selangor,3,0,False
ramadan_raya,early_ramadan,917,Terengganu,3,0,False
ramadan_raya,early_ramadan,917,W.P. Kuala Lumpur,3,0,False
ramadan_raya,early_ramadan,917,W.P. Labuan,3,0,False
ramadan_raya,early_ramadan,917,W.P. Putrajaya,3,0,False
ramadan_raya,early_ramadan,918,Johor,3,1,False
ramadan_raya,early_ramadan,918,Kedah,3,1,False
ramadan_raya,early_ramadan,918,Kelantan,3,1,False
ramadan_raya,early_ramadan,918,Melaka,3,1,False
ramadan_raya,early_ramadan,918,Negeri Sembilan,3,1,False
ramadan_raya,early_ramadan,918,Pahang,3,1,False
ramadan_raya,early_ramadan,918,Perak,3,1,False
ramadan_raya,early_ramadan,918,Perlis,3,1,False
ramadan_raya,early_ramadan,918,Pulau Pinang,3,1,False
ramadan_raya,early_ramadan,918,Sabah,3,1,False
ramadan_raya,early_ramadan,918,Sarawak,3,1,False
ramadan_raya,early_ramadan,918,Selangor,3,1,False
ramadan_raya,early_ramadan,918,Terengganu,3,1,False
ramadan_raya,early_ramadan,918,W.P. Kuala Lumpur,3,1,False
ramadan_raya,early_ramadan,918,W.P. Labuan,3,1,False
ramadan_raya,early_ramadan,918,W.P. Putrajaya,3,0,False
ramadan_raya,early_ramadan,1111,Johor,3,3,True
ramadan_raya,early_ramadan,1111,Kedah,3,3,True
ramadan_raya,early_ramadan,1111,Kelantan,3,3,True
ramadan_raya,early_ramadan,1111,Melaka,3,3,True
ramadan_raya,early_ramadan,1111,Negeri Sembilan,3,3,True
ramadan_raya,early_ramadan,1111,Pahang,3,3,True
ramadan_raya,early_ramadan,1111,Perak,3,3,True
ramadan_raya,early_ramadan,1111,Perlis,3,1,False
ramadan_raya,early_ramadan,1111,Pulau Pinang,3,3,True
ramadan_raya,early_ramadan,1111,Sabah,3,2,False
ramadan_raya,early_ramadan,1111,Sarawak,3,3,True
ramadan_raya,early_ramadan,1111,Selangor,3,3,True
ramadan_raya,early_ramadan,1111,Terengganu,3,3,True
ramadan_raya,early_ramadan,1111,W.P. Kuala Lumpur,3,3,True
ramadan_raya,early_ramadan,1111,W.P. Labuan,3,0,False
ramadan_raya,early_ramadan,1111,W.P. Putrajaya,3,2,False
ramadan_raya,early_ramadan,1131,Johor,3,3,True
ramadan_raya,early_ramadan,1131,Kedah,3,3,True
ramadan_raya,early_ramadan,1131,Kelantan,3,3,True
ramadan_raya,early_ramadan,1131,Melaka,3,3,True
ramadan_raya,early_ramadan,1131,Negeri Sembilan,3,3,True
ramadan_raya,early_ramadan,1131,Pahang,3,3,True
ramadan_raya,early_ramadan,1131,Perak,3,3,True
ramadan_raya,early_ramadan,1131,Perlis,3,3,True
ramadan_raya,early_ramadan,1131,Pulau Pinang,3,3,True
ramadan_raya,early_ramadan,1131,Sabah,3,3,True
ramadan_raya,early_ramadan,1131,Sarawak,3,3,True
ramadan_raya,early_ramadan,1131,Selangor,3,3,True
ramadan_raya,early_ramadan,1131,Terengganu,3,3,True
ramadan_raya,early_ramadan,1131,W.P. Kuala Lumpur,3,3,True
ramadan_raya,early_ramadan,1131,W.P. Labuan,3,3,True
ramadan_raya,early_ramadan,1131,W.P. Putrajaya,3,3,True
ramadan_raya,early_ramadan,1431,Johor,3,3,True
ramadan_raya,early_ramadan,1431,Kedah,3,3,True
ramadan_raya,early_ramadan,1431,Kelantan,3,3,True
ramadan_raya,early_ramadan,1431,Melaka,3,3,True
ramadan_raya,early_ramadan,1431,Negeri Sembilan,3,3,True
ramadan_raya,early_ramadan,1431,Pahang,3,3,True
ramadan_raya,early_ramadan,1431,Perak,3,3,True
ramadan_raya,early_ramadan,1431,Perlis,3,2,False
ramadan_raya,early_ramadan,1431,Pulau Pinang,3,3,True
ramadan_raya,early_ramadan,1431,Sabah,3,0,False
ramadan_raya,early_ramadan,1431,Sarawak,3,0,False
ramadan_raya,early_ramadan,1431,Selangor,3,3,True
ramadan_raya,early_ramadan,1431,Terengganu,3,3,True
ramadan_raya,early_ramadan,1431,W.P. Kuala Lumpur,3,2,False
ramadan_raya,early_ramadan,1431,W.P. Labuan,3,0,False
ramadan_raya,early_ramadan,1431,W.P. Putrajaya,3,0,False
ramadan_raya,early_ramadan,1555,Johor,3,3,True
ramadan_raya,early_ramadan,1555,Kedah,3,3,True
ramadan_raya,early_ramadan,1555,Kelantan,3,3,True
ramadan_raya,early_ramadan,1555,Melaka,3,3,True
ramadan_raya,early_ramadan,1555,Negeri Sembilan,3,3,True
ramadan_raya,early_ramadan,1555,Pahang,3,3,True
ramadan_raya,early_ramadan,1555,Perak,3,3,True
ramadan_raya,early_ramadan,1555,Perlis,3,3,True
ramadan_raya,early_ramadan,1555,Pulau Pinang,3,3,True
ramadan_raya,early_ramadan,1555,Sabah,3,3,True
ramadan_raya,early_ramadan,1555,Sarawak,3,3,True
ramadan_raya,early_ramadan,1555,Selangor,3,3,True
ramadan_raya,early_ramadan,1555,Terengganu,3,3,True
ramadan_raya,early_ramadan,1555,W.P. Kuala Lumpur,3,3,True
ramadan_raya,early_ramadan,1555,W.P. Labuan,3,0,False
ramadan_raya,early_ramadan,1555,W.P. Putrajaya,3,3,True
ramadan_raya,early_ramadan,1564,Johor,3,3,True
ramadan_raya,early_ramadan,1564,Kedah,3,3,True
ramadan_raya,early_ramadan,1564,Kelantan,3,3,True
ramadan_raya,early_ramadan,1564,Melaka,3,3,True
ramadan_raya,early_ramadan,1564,Negeri Sembilan,3,3,True
ramadan_raya,early_ramadan,1564,Pahang,3,3,True
ramadan_raya,early_ramadan,1564,Perak,3,3,True
ramadan_raya,early_ramadan,1564,Perlis,3,3,True
ramadan_raya,early_ramadan,1564,Pulau Pinang,3,3,True
ramadan_raya,early_ramadan,1564,Sabah,3,3,True
ramadan_raya,early_ramadan,1564,Sarawak,3,3,True
ramadan_raya,early_ramadan,1564,Selangor,3,3,True
ramadan_raya,early_ramadan,1564,Terengganu,3,3,True
ramadan_raya,early_ramadan,1564,W.P. Kuala Lumpur,3,3,True
ramadan_raya,early_ramadan,1564,W.P. Labuan,3,3,True
ramadan_raya,early_ramadan,1564,W.P. Putrajaya,3,3,True
ramadan_raya,early_ramadan,1589,Johor,3,1,False
ramadan_raya,early_ramadan,1589,Kedah,3,0,False
ramadan_raya,early_ramadan,1589,Kelantan,3,0,False
ramadan_raya,early_ramadan,1589,Melaka,3,0,False
ramadan_raya,early_ramadan,1589,Negeri Sembilan,3,0,False
ramadan_raya,early_ramadan,1589,Pahang,3,2,False
ramadan_raya,early_ramadan,1589,Perak,3,0,False
ramadan_raya,early_ramadan,1589,Perlis,3,0,False
ramadan_raya,early_ramadan,1589,Pulau Pinang,3,0,False
ramadan_raya,early_ramadan,1589,Sabah,3,0,False
ramadan_raya,early_ramadan,1589,Sarawak,3,0,False
ramadan_raya,early_ramadan,1589,Selangor,3,0,False
ramadan_raya,early_ramadan,1589,Terengganu,3,0,False
ramadan_raya,early_ramadan,1589,W.P. Kuala Lumpur,3,0,False
ramadan_raya,early_ramadan,1589,W.P. Labuan,3,0,False
ramadan_raya,early_ramadan,1589,W.P. Putrajaya,3,0,False
ramadan_raya,raya_lead_up,1,Johor,3,3,True
ramadan_raya,raya_lead_up,1,Kedah,3,3,True
ramadan_raya,raya_lead_up,1,Kelantan,3,3,True
ramadan_raya,raya_lead_up,1,Melaka,3,3,True
ramadan_raya,raya_lead_up,1,Negeri Sembilan,3,3,True
ramadan_raya,raya_lead_up,1,Pahang,3,3,True
ramadan_raya,raya_lead_up,1,Perak,3,3,True
ramadan_raya,raya_lead_up,1,Perlis,3,3,True
ramadan_raya,raya_lead_up,1,Pulau Pinang,3,3,True
ramadan_raya,raya_lead_up,1,Sabah,3,3,True
ramadan_raya,raya_lead_up,1,Sarawak,3,3,True
ramadan_raya,raya_lead_up,1,Selangor,3,3,True
ramadan_raya,raya_lead_up,1,Terengganu,3,3,True
ramadan_raya,raya_lead_up,1,W.P. Kuala Lumpur,3,3,True
ramadan_raya,raya_lead_up,1,W.P. Labuan,3,0,False
ramadan_raya,raya_lead_up,1,W.P. Putrajaya,3,3,True
ramadan_raya,raya_lead_up,94,Johor,3,3,True
ramadan_raya,raya_lead_up,94,Kedah,3,3,True
ramadan_raya,raya_lead_up,94,Kelantan,3,3,True
ramadan_raya,raya_lead_up,94,Melaka,3,1,False
ramadan_raya,raya_lead_up,94,Negeri Sembilan,3,3,True
ramadan_raya,raya_lead_up,94,Pahang,3,3,True
ramadan_raya,raya_lead_up,94,Perak,3,3,True
ramadan_raya,raya_lead_up,94,Perlis,3,3,True
ramadan_raya,raya_lead_up,94,Pulau Pinang,3,3,True
ramadan_raya,raya_lead_up,94,Sabah,3,3,True
ramadan_raya,raya_lead_up,94,Sarawak,3,3,True
ramadan_raya,raya_lead_up,94,Selangor,3,3,True
ramadan_raya,raya_lead_up,94,Terengganu,3,3,True
ramadan_raya,raya_lead_up,94,W.P. Kuala Lumpur,3,3,True
ramadan_raya,raya_lead_up,94,W.P. Labuan,3,0,False
ramadan_raya,raya_lead_up,94,W.P. Putrajaya,3,0,False
ramadan_raya,raya_lead_up,103,Johor,3,3,True
ramadan_raya,raya_lead_up,103,Kedah,3,3,True
ramadan_raya,raya_lead_up,103,Kelantan,3,3,True
ramadan_raya,raya_lead_up,103,Melaka,3,0,False
ramadan_raya,raya_lead_up,103,Negeri Sembilan,3,3,True
ramadan_raya,raya_lead_up,103,Pahang,3,3,True
ramadan_raya,raya_lead_up,103,Perak,3,3,True
ramadan_raya,raya_lead_up,103,Perlis,3,0,False
ramadan_raya,raya_lead_up,103,Pulau Pinang,3,3,True
ramadan_raya,raya_lead_up,103,Sabah,3,0,False
ramadan_raya,raya_lead_up,103,Sarawak,3,0,False
ramadan_raya,raya_lead_up,103,Selangor,3,3,True
ramadan_raya,raya_lead_up,103,Terengganu,3,3,True
ramadan_raya,raya_lead_up,103,W.P. Kuala Lumpur,3,3,True
ramadan_raya,raya_lead_up,103,W.P. Labuan,3,0,False
ramadan_raya,raya_lead_up,103,W.P. Putrajaya,3,3,True
ramadan_raya,raya_lead_up,114,Johor,3,3,True
ramadan_raya,raya_lead_up,114,Kedah,3,3,True
ramadan_raya,raya_lead_up,114,Kelantan,3,3,True
ramadan_raya,raya_lead_up,114,Melaka,3,3,True
ramadan_raya,raya_lead_up,114,Negeri Sembilan,3,3,True
ramadan_raya,raya_lead_up,114,Pahang,3,3,True
ramadan_raya,raya_lead_up,114,Perak,3,3,True
ramadan_raya,raya_lead_up,114,Perlis,3,3,True
ramadan_raya,raya_lead_up,114,Pulau Pinang,3,3,True
ramadan_raya,raya_lead_up,114,Sabah,3,3,True
ramadan_raya,raya_lead_up,114,Sarawak,3,3,True
ramadan_raya,raya_lead_up,114,Selangor,3,3,True
ramadan_raya,raya_lead_up,114,Terengganu,3,3,True
ramadan_raya,raya_lead_up,114,W.P. Kuala Lumpur,3,3,True
ramadan_raya,raya_lead_up,114,W.P. Labuan,3,2,False
ramadan_raya,raya_lead_up,114,W.P. Putrajaya,3,3,True
ramadan_raya,raya_lead_up,129,Johor,3,3,True
ramadan_raya,raya_lead_up,129,Kedah,3,3,True
ramadan_raya,raya_lead_up,129,Kelantan,3,3,True
ramadan_raya,raya_lead_up,129,Melaka,3,3,True
ramadan_raya,raya_lead_up,129,Negeri Sembilan,3,3,True
ramadan_raya,raya_lead_up,129,Pahang,3,3,True
ramadan_raya,raya_lead_up,129,Perak,3,3,True
ramadan_raya,raya_lead_up,129,Perlis,3,3,True
ramadan_raya,raya_lead_up,129,Pulau Pinang,3,3,True
ramadan_raya,raya_lead_up,129,Sabah,3,3,True
ramadan_raya,raya_lead_up,129,Sarawak,3,3,True
ramadan_raya,raya_lead_up,129,Selangor,3,3,True
ramadan_raya,raya_lead_up,129,Terengganu,3,3,True
ramadan_raya,raya_lead_up,129,W.P. Kuala Lumpur,3,3,True
ramadan_raya,raya_lead_up,129,W.P. Labuan,3,3,True
ramadan_raya,raya_lead_up,129,W.P. Putrajaya,3,3,True
ramadan_raya,raya_lead_up,193,Johor,3,0,False
ramadan_raya,raya_lead_up,193,Kedah,3,0,False
ramadan_raya,raya_lead_up,193,Kelantan,3,0,False
ramadan_raya,raya_lead_up,193,Melaka,3,0,False
ramadan_raya,raya_lead_up,193,Negeri Sembilan,3,0,False
ramadan_raya,raya_lead_up,193,Pahang,3,0,False
ramadan_raya,raya_lead_up,193,Perak,3,0,False
ramadan_raya,raya_lead_up,193,Perlis,3,0,False
ramadan_raya,raya_lead_up,193,Pulau Pinang,3,0,False
ramadan_raya,raya_lead_up,193,Sabah,3,0,False
ramadan_raya,raya_lead_up,193,Sarawak,3,0,False
ramadan_raya,raya_lead_up,193,Selangor,3,0,False
ramadan_raya,raya_lead_up,193,Terengganu,3,0,False
ramadan_raya,raya_lead_up,193,W.P. Kuala Lumpur,3,0,False
ramadan_raya,raya_lead_up,193,W.P. Labuan,3,0,False
ramadan_raya,raya_lead_up,193,W.P. Putrajaya,3,0,False
ramadan_raya,raya_lead_up,904,Johor,3,1,False
ramadan_raya,raya_lead_up,904,Kedah,3,1,False
ramadan_raya,raya_lead_up,904,Kelantan,3,1,False
ramadan_raya,raya_lead_up,904,Melaka,3,1,False
ramadan_raya,raya_lead_up,904,Negeri Sembilan,3,1,False
ramadan_raya,raya_lead_up,904,Pahang,3,1,False
ramadan_raya,raya_lead_up,904,Perak,3,1,False
ramadan_raya,raya_lead_up,904,Perlis,3,0,False
ramadan_raya,raya_lead_up,904,Pulau Pinang,3,1,False
ramadan_raya,raya_lead_up,904,Sabah,3,0,False
ramadan_raya,raya_lead_up,904,Sarawak,3,0,False
ramadan_raya,raya_lead_up,904,Selangor,3,1,False
ramadan_raya,raya_lead_up,904,Terengganu,3,1,False
ramadan_raya,raya_lead_up,904,W.P. Kuala Lumpur,3,1,False
ramadan_raya,raya_lead_up,904,W.P. Labuan,3,0,False
ramadan_raya,raya_lead_up,904,W.P. Putrajaya,3,1,False
ramadan_raya,raya_lead_up,917,Johor,3,2,False
ramadan_raya,raya_lead_up,917,Kedah,3,0,False
ramadan_raya,raya_lead_up,917,Kelantan,3,0,False
ramadan_raya,raya_lead_up,917,Melaka,3,0,False
ramadan_raya,raya_lead_up,917,Negeri Sembilan,3,0,False
ramadan_raya,raya_lead_up,917,Pahang,3,3,True
ramadan_raya,raya_lead_up,917,Perak,3,0,False
ramadan_raya,raya_lead_up,917,Perlis,3,0,False
ramadan_raya,raya_lead_up,917,Pulau Pinang,3,0,False
ramadan_raya,raya_lead_up,917,Sabah,3,0,False
ramadan_raya,raya_lead_up,917,Sarawak,3,0,False
ramadan_raya,raya_lead_up,917,Selangor,3,0,False
ramadan_raya,raya_lead_up,917,Terengganu,3,0,False
ramadan_raya,raya_lead_up,917,W.P. Kuala Lumpur,3,0,False
ramadan_raya,raya_lead_up,917,W.P. Labuan,3,0,False
ramadan_raya,raya_lead_up,917,W.P. Putrajaya,3,0,False
ramadan_raya,raya_lead_up,918,Johor,3,1,False
ramadan_raya,raya_lead_up,918,Kedah,3,1,False
ramadan_raya,raya_lead_up,918,Kelantan,3,1,False
ramadan_raya,raya_lead_up,918,Melaka,3,1,False
ramadan_raya,raya_lead_up,918,Negeri Sembilan,3,1,False
ramadan_raya,raya_lead_up,918,Pahang,3,1,False
ramadan_raya,raya_lead_up,918,Perak,3,1,False
ramadan_raya,raya_lead_up,918,Perlis,3,1,False
ramadan_raya,raya_lead_up,918,Pulau Pinang,3,1,False
ramadan_raya,raya_lead_up,918,Sabah,3,1,False
ramadan_raya,raya_lead_up,918,Sarawak,3,1,False
ramadan_raya,raya_lead_up,918,Selangor,3,1,False
ramadan_raya,raya_lead_up,918,Terengganu,3,1,False
ramadan_raya,raya_lead_up,918,W.P. Kuala Lumpur,3,1,False
ramadan_raya,raya_lead_up,918,W.P. Labuan,3,1,False
ramadan_raya,raya_lead_up,918,W.P. Putrajaya,3,1,False
ramadan_raya,raya_lead_up,1111,Johor,3,3,True
ramadan_raya,raya_lead_up,1111,Kedah,3,3,True
ramadan_raya,raya_lead_up,1111,Kelantan,3,3,True
ramadan_raya,raya_lead_up,1111,Melaka,3,3,True
ramadan_raya,raya_lead_up,1111,Negeri Sembilan,3,3,True
ramadan_raya,raya_lead_up,1111,Pahang,3,3,True
ramadan_raya,raya_lead_up,1111,Perak,3,3,True
ramadan_raya,raya_lead_up,1111,Perlis,3,2,False
ramadan_raya,raya_lead_up,1111,Pulau Pinang,3,3,True
ramadan_raya,raya_lead_up,1111,Sabah,3,3,True
ramadan_raya,raya_lead_up,1111,Sarawak,3,3,True
ramadan_raya,raya_lead_up,1111,Selangor,3,3,True
ramadan_raya,raya_lead_up,1111,Terengganu,3,3,True
ramadan_raya,raya_lead_up,1111,W.P. Kuala Lumpur,3,3,True
ramadan_raya,raya_lead_up,1111,W.P. Labuan,3,0,False
ramadan_raya,raya_lead_up,1111,W.P. Putrajaya,3,2,False
ramadan_raya,raya_lead_up,1131,Johor,3,3,True
ramadan_raya,raya_lead_up,1131,Kedah,3,3,True
ramadan_raya,raya_lead_up,1131,Kelantan,3,3,True
ramadan_raya,raya_lead_up,1131,Melaka,3,3,True
ramadan_raya,raya_lead_up,1131,Negeri Sembilan,3,3,True
ramadan_raya,raya_lead_up,1131,Pahang,3,3,True
ramadan_raya,raya_lead_up,1131,Perak,3,3,True
ramadan_raya,raya_lead_up,1131,Perlis,3,3,True
ramadan_raya,raya_lead_up,1131,Pulau Pinang,3,3,True
ramadan_raya,raya_lead_up,1131,Sabah,3,3,True
ramadan_raya,raya_lead_up,1131,Sarawak,3,3,True
ramadan_raya,raya_lead_up,1131,Selangor,3,3,True
ramadan_raya,raya_lead_up,1131,Terengganu,3,3,True
ramadan_raya,raya_lead_up,1131,W.P. Kuala Lumpur,3,3,True
ramadan_raya,raya_lead_up,1131,W.P. Labuan,3,3,True
ramadan_raya,raya_lead_up,1131,W.P. Putrajaya,3,3,True
ramadan_raya,raya_lead_up,1431,Johor,3,3,True
ramadan_raya,raya_lead_up,1431,Kedah,3,3,True
ramadan_raya,raya_lead_up,1431,Kelantan,3,3,True
ramadan_raya,raya_lead_up,1431,Melaka,3,3,True
ramadan_raya,raya_lead_up,1431,Negeri Sembilan,3,3,True
ramadan_raya,raya_lead_up,1431,Pahang,3,3,True
ramadan_raya,raya_lead_up,1431,Perak,3,3,True
ramadan_raya,raya_lead_up,1431,Perlis,3,2,False
ramadan_raya,raya_lead_up,1431,Pulau Pinang,3,3,True
ramadan_raya,raya_lead_up,1431,Sabah,3,0,False
ramadan_raya,raya_lead_up,1431,Sarawak,3,0,False
ramadan_raya,raya_lead_up,1431,Selangor,3,3,True
ramadan_raya,raya_lead_up,1431,Terengganu,3,3,True
ramadan_raya,raya_lead_up,1431,W.P. Kuala Lumpur,3,3,True
ramadan_raya,raya_lead_up,1431,W.P. Labuan,3,0,False
ramadan_raya,raya_lead_up,1431,W.P. Putrajaya,3,0,False
ramadan_raya,raya_lead_up,1555,Johor,3,3,True
ramadan_raya,raya_lead_up,1555,Kedah,3,3,True
ramadan_raya,raya_lead_up,1555,Kelantan,3,3,True
ramadan_raya,raya_lead_up,1555,Melaka,3,3,True
ramadan_raya,raya_lead_up,1555,Negeri Sembilan,3,3,True
ramadan_raya,raya_lead_up,1555,Pahang,3,3,True
ramadan_raya,raya_lead_up,1555,Perak,3,3,True
ramadan_raya,raya_lead_up,1555,Perlis,3,3,True
ramadan_raya,raya_lead_up,1555,Pulau Pinang,3,3,True
ramadan_raya,raya_lead_up,1555,Sabah,3,3,True
ramadan_raya,raya_lead_up,1555,Sarawak,3,3,True
ramadan_raya,raya_lead_up,1555,Selangor,3,3,True
ramadan_raya,raya_lead_up,1555,Terengganu,3,3,True
ramadan_raya,raya_lead_up,1555,W.P. Kuala Lumpur,3,3,True
ramadan_raya,raya_lead_up,1555,W.P. Labuan,3,0,False
ramadan_raya,raya_lead_up,1555,W.P. Putrajaya,3,3,True
ramadan_raya,raya_lead_up,1564,Johor,3,3,True
ramadan_raya,raya_lead_up,1564,Kedah,3,3,True
ramadan_raya,raya_lead_up,1564,Kelantan,3,3,True
ramadan_raya,raya_lead_up,1564,Melaka,3,3,True
ramadan_raya,raya_lead_up,1564,Negeri Sembilan,3,3,True
ramadan_raya,raya_lead_up,1564,Pahang,3,3,True
ramadan_raya,raya_lead_up,1564,Perak,3,3,True
ramadan_raya,raya_lead_up,1564,Perlis,3,3,True
ramadan_raya,raya_lead_up,1564,Pulau Pinang,3,3,True
ramadan_raya,raya_lead_up,1564,Sabah,3,3,True
ramadan_raya,raya_lead_up,1564,Sarawak,3,3,True
ramadan_raya,raya_lead_up,1564,Selangor,3,3,True
ramadan_raya,raya_lead_up,1564,Terengganu,3,3,True
ramadan_raya,raya_lead_up,1564,W.P. Kuala Lumpur,3,3,True
ramadan_raya,raya_lead_up,1564,W.P. Labuan,3,3,True
ramadan_raya,raya_lead_up,1564,W.P. Putrajaya,3,3,True
ramadan_raya,raya_lead_up,1589,Johor,3,2,False
ramadan_raya,raya_lead_up,1589,Kedah,3,0,False
ramadan_raya,raya_lead_up,1589,Kelantan,3,0,False
ramadan_raya,raya_lead_up,1589,Melaka,3,0,False
ramadan_raya,raya_lead_up,1589,Negeri Sembilan,3,0,False
ramadan_raya,raya_lead_up,1589,Pahang,3,2,False
ramadan_raya,raya_lead_up,1589,Perak,3,0,False
ramadan_raya,raya_lead_up,1589,Perlis,3,0,False
ramadan_raya,raya_lead_up,1589,Pulau Pinang,3,0,False
ramadan_raya,raya_lead_up,1589,Sabah,3,0,False
ramadan_raya,raya_lead_up,1589,Sarawak,3,0,False
ramadan_raya,raya_lead_up,1589,Selangor,3,0,False
ramadan_raya,raya_lead_up,1589,Terengganu,3,0,False
ramadan_raya,raya_lead_up,1589,W.P. Kuala Lumpur,3,0,False
ramadan_raya,raya_lead_up,1589,W.P. Labuan,3,0,False
ramadan_raya,raya_lead_up,1589,W.P. Putrajaya,3,0,False
