festival,target_window,item_code,increase_all_three,decrease_all_three,zero_all_three,mixed,eligible_locations,item,unit
chinese_new_year,after,1,0,0,2,13,15,AYAM BERSIH - STANDARD,1kg
chinese_new_year,after,94,0,0,2,11,13,CILI MERAH - MINYAK,1kg
chinese_new_year,after,103,0,0,10,1,11,SANTAN KELAPA SEGAR (BIASA),1kg
chinese_new_year,after,114,0,0,0,15,15,TOMATO,1kg
chinese_new_year,after,129,0,0,16,0,16,BAWANG BESAR KUNING/HOLLAND,1kg
chinese_new_year,after,1111,0,0,13,0,13,TELUR AYAM GRED C,30 biji
chinese_new_year,after,1131,0,0,15,1,16,UBI KENTANG IMPORT (CHINA),1kg
chinese_new_year,after,1431,0,0,10,0,10,DAGING LEMBU TEMPATAN (BAHAGIAN 1 DAGING PAHA (KECUALI BATANG PINANG - TENDERLOIN),1kg
chinese_new_year,after,1555,5,0,1,9,15,UDANG PUTIH/VANNAMEI (TERNAK) (ANTARA 41 HINGGA 60 EKOR SEKILOGRAM),1kg
chinese_new_year,after,1564,0,0,13,3,16,BAWANG PUTIH IMPORT (CHINA),1kg
chinese_new_year,lead_up,1,0,0,3,12,15,AYAM BERSIH - STANDARD,1kg
chinese_new_year,lead_up,94,0,0,4,9,13,CILI MERAH - MINYAK,1kg
chinese_new_year,lead_up,103,0,0,11,0,11,SANTAN KELAPA SEGAR (BIASA),1kg
chinese_new_year,lead_up,114,0,0,3,12,15,TOMATO,1kg
chinese_new_year,lead_up,129,0,0,16,0,16,BAWANG BESAR KUNING/HOLLAND,1kg
chinese_new_year,lead_up,918,0,0,2,0,2,MINYAK MASAK PAKET (PELBAGAI JENAMA),1kg
chinese_new_year,lead_up,1111,0,0,13,0,13,TELUR AYAM GRED C,30 biji
chinese_new_year,lead_up,1131,0,0,15,1,16,UBI KENTANG IMPORT (CHINA),1kg
chinese_new_year,lead_up,1431,0,0,10,0,10,DAGING LEMBU TEMPATAN (BAHAGIAN 1 DAGING PAHA (KECUALI BATANG PINANG - TENDERLOIN),1kg
chinese_new_year,lead_up,1555,1,0,8,6,15,UDANG PUTIH/VANNAMEI (TERNAK) (ANTARA 41 HINGGA 60 EKOR SEKILOGRAM),1kg
chinese_new_year,lead_up,1564,0,0,12,4,16,BAWANG PUTIH IMPORT (CHINA),1kg
deepavali,after,1,0,0,1,14,15,AYAM BERSIH - STANDARD,1kg
deepavali,after,94,0,0,0,13,13,CILI MERAH - MINYAK,1kg
deepavali,after,103,0,0,2,0,2,SANTAN KELAPA SEGAR (BIASA),1kg
deepavali,after,114,0,0,2,14,16,TOMATO,1kg
deepavali,after,129,0,0,16,0,16,BAWANG BESAR KUNING/HOLLAND,1kg
deepavali,after,904,0,0,1,0,1,BERAS SUPER CAP RAMBUTAN 5% (IMPORT),10 kg
deepavali,after,917,0,0,2,0,2,"TEPUNG GANDUM NGP (BERBUNGKUS, CAP SAUH)",1kg
deepavali,after,918,0,0,1,0,1,MINYAK MASAK PAKET (PELBAGAI JENAMA),1kg
deepavali,after,1111,0,0,2,11,13,TELUR AYAM GRED C,30 biji
deepavali,after,1131,0,0,16,0,16,UBI KENTANG IMPORT (CHINA),1kg
deepavali,after,1431,0,0,1,0,1,DAGING LEMBU TEMPATAN (BAHAGIAN 1 DAGING PAHA (KECUALI BATANG PINANG - TENDERLOIN),1kg
deepavali,after,1555,0,0,12,3,15,UDANG PUTIH/VANNAMEI (TERNAK) (ANTARA 41 HINGGA 60 EKOR SEKILOGRAM),1kg
deepavali,after,1564,0,0,16,0,16,BAWANG PUTIH IMPORT (CHINA),1kg
deepavali,after,1589,0,0,1,0,1,GULA PUTIH BERTAPIS KASAR (PELBAGAI JENAMA),1kg
deepavali,lead_up,1,0,0,2,13,15,AYAM BERSIH - STANDARD,1kg
deepavali,lead_up,94,0,0,5,8,13,CILI MERAH - MINYAK,1kg
deepavali,lead_up,103,0,0,2,0,2,SANTAN KELAPA SEGAR (BIASA),1kg
deepavali,lead_up,114,0,0,3,13,16,TOMATO,1kg
deepavali,lead_up,129,0,0,16,0,16,BAWANG BESAR KUNING/HOLLAND,1kg
deepavali,lead_up,917,0,0,2,0,2,"TEPUNG GANDUM NGP (BERBUNGKUS, CAP SAUH)",1kg
deepavali,lead_up,918,0,0,1,0,1,MINYAK MASAK PAKET (PELBAGAI JENAMA),1kg
deepavali,lead_up,1111,0,0,9,4,13,TELUR AYAM GRED C,30 biji
deepavali,lead_up,1131,0,0,16,0,16,UBI KENTANG IMPORT (CHINA),1kg
deepavali,lead_up,1431,0,0,1,0,1,DAGING LEMBU TEMPATAN (BAHAGIAN 1 DAGING PAHA (KECUALI BATANG PINANG - TENDERLOIN),1kg
deepavali,lead_up,1555,0,0,13,2,15,UDANG PUTIH/VANNAMEI (TERNAK) (ANTARA 41 HINGGA 60 EKOR SEKILOGRAM),1kg
deepavali,lead_up,1564,0,0,16,0,16,BAWANG PUTIH IMPORT (CHINA),1kg
deepavali,lead_up,1589,0,0,1,0,1,GULA PUTIH BERTAPIS KASAR (PELBAGAI JENAMA),1kg
ramadan_raya,after_raya,1,0,0,5,10,15,AYAM BERSIH - STANDARD,1kg
ramadan_raya,after_raya,94,0,2,0,11,13,CILI MERAH - MINYAK,1kg
ramadan_raya,after_raya,103,0,0,3,7,10,SANTAN KELAPA SEGAR (BIASA),1kg
ramadan_raya,after_raya,114,0,14,0,1,15,TOMATO,1kg
ramadan_raya,after_raya,129,0,0,10,6,16,BAWANG BESAR KUNING/HOLLAND,1kg
ramadan_raya,after_raya,1111,0,0,1,11,12,TELUR AYAM GRED C,30 biji
ramadan_raya,after_raya,1131,0,3,1,12,16,UBI KENTANG IMPORT (CHINA),1kg
ramadan_raya,after_raya,1431,0,0,6,4,10,DAGING LEMBU TEMPATAN (BAHAGIAN 1 DAGING PAHA (KECUALI BATANG PINANG - TENDERLOIN),1kg
ramadan_raya,after_raya,1555,0,0,6,9,15,UDANG PUTIH/VANNAMEI (TERNAK) (ANTARA 41 HINGGA 60 EKOR SEKILOGRAM),1kg
ramadan_raya,after_raya,1564,0,4,3,9,16,BAWANG PUTIH IMPORT (CHINA),1kg
ramadan_raya,early_ramadan,1,0,0,2,13,15,AYAM BERSIH - STANDARD,1kg
ramadan_raya,early_ramadan,94,0,0,4,9,13,CILI MERAH - MINYAK,1kg
ramadan_raya,early_ramadan,103,0,0,11,0,11,SANTAN KELAPA SEGAR (BIASA),1kg
ramadan_raya,early_ramadan,114,0,0,2,13,15,TOMATO,1kg
ramadan_raya,early_ramadan,129,0,0,16,0,16,BAWANG BESAR KUNING/HOLLAND,1kg
ramadan_raya,early_ramadan,917,0,0,1,0,1,"TEPUNG GANDUM NGP (BERBUNGKUS, CAP SAUH)",1kg
ramadan_raya,early_ramadan,1111,0,0,12,0,12,TELUR AYAM GRED C,30 biji
ramadan_raya,early_ramadan,1131,0,0,16,0,16,UBI KENTANG IMPORT (CHINA),1kg
ramadan_raya,early_ramadan,1431,0,0,10,0,10,DAGING LEMBU TEMPATAN (BAHAGIAN 1 DAGING PAHA (KECUALI BATANG PINANG - TENDERLOIN),1kg
ramadan_raya,early_ramadan,1555,0,0,12,3,15,UDANG PUTIH/VANNAMEI (TERNAK) (ANTARA 41 HINGGA 60 EKOR SEKILOGRAM),1kg
ramadan_raya,early_ramadan,1564,0,0,16,0,16,BAWANG PUTIH IMPORT (CHINA),1kg
ramadan_raya,raya_lead_up,1,0,0,3,12,15,AYAM BERSIH - STANDARD,1kg
ramadan_raya,raya_lead_up,94,0,0,2,11,13,CILI MERAH - MINYAK,1kg
ramadan_raya,raya_lead_up,103,0,0,8,3,11,SANTAN KELAPA SEGAR (BIASA),1kg
ramadan_raya,raya_lead_up,114,0,13,1,1,15,TOMATO,1kg
ramadan_raya,raya_lead_up,129,0,0,11,5,16,BAWANG BESAR KUNING/HOLLAND,1kg
ramadan_raya,raya_lead_up,917,0,0,1,0,1,"TEPUNG GANDUM NGP (BERBUNGKUS, CAP SAUH)",1kg
ramadan_raya,raya_lead_up,1111,0,0,5,8,13,TELUR AYAM GRED C,30 biji
ramadan_raya,raya_lead_up,1131,0,0,5,11,16,UBI KENTANG IMPORT (CHINA),1kg
ramadan_raya,raya_lead_up,1431,0,0,9,2,11,DAGING LEMBU TEMPATAN (BAHAGIAN 1 DAGING PAHA (KECUALI BATANG PINANG - TENDERLOIN),1kg
ramadan_raya,raya_lead_up,1555,1,0,6,8,15,UDANG PUTIH/VANNAMEI (TERNAK) (ANTARA 41 HINGGA 60 EKOR SEKILOGRAM),1kg
ramadan_raya,raya_lead_up,1564,0,0,4,12,16,BAWANG PUTIH IMPORT (CHINA),1kg
