year,festival,window,start_date,end_date,calendar_days,outside_analysis_period
2023,chinese_new_year,reference,2022-12-25,2023-01-07,14,True
2023,chinese_new_year,lead_up,2023-01-08,2023-01-21,14,False
2023,chinese_new_year,after,2023-01-24,2023-02-06,14,False
2023,deepavali,reference,2023-10-15,2023-10-28,14,False
2023,deepavali,lead_up,2023-10-29,2023-11-11,14,False
2023,deepavali,after,2023-11-14,2023-11-27,14,False
2023,ramadan_raya,reference,2023-03-09,2023-03-22,14,False
2023,ramadan_raya,early_ramadan,2023-03-23,2023-04-05,14,False
2023,ramadan_raya,raya_lead_up,2023-04-08,2023-04-21,14,False
2023,ramadan_raya,after_raya,2023-04-24,2023-05-07,14,False
2024,chinese_new_year,reference,2024-01-13,2024-01-26,14,False
2024,chinese_new_year,lead_up,2024-01-27,2024-02-09,14,False
2024,chinese_new_year,after,2024-02-12,2024-02-25,14,False
2024,deepavali,reference,2024-10-03,2024-10-16,14,False
2024,deepavali,lead_up,2024-10-17,2024-10-30,14,False
2024,deepavali,after,2024-11-02,2024-11-15,14,False
2024,ramadan_raya,reference,2024-02-27,2024-03-11,14,False
2024,ramadan_raya,early_ramadan,2024-03-12,2024-03-25,14,False
2024,ramadan_raya,raya_lead_up,2024-03-27,2024-04-09,14,False
2024,ramadan_raya,after_raya,2024-04-12,2024-04-25,14,False
2025,chinese_new_year,reference,2025-01-01,2025-01-14,14,False
2025,chinese_new_year,lead_up,2025-01-15,2025-01-28,14,False
2025,chinese_new_year,after,2025-01-31,2025-02-13,14,False
2025,deepavali,reference,2025-09-22,2025-10-05,14,False
2025,deepavali,lead_up,2025-10-06,2025-10-19,14,False
2025,deepavali,after,2025-10-22,2025-11-04,14,False
2025,ramadan_raya,reference,2025-02-16,2025-03-01,14,False
2025,ramadan_raya,early_ramadan,2025-03-02,2025-03-15,14,False
2025,ramadan_raya,raya_lead_up,2025-03-17,2025-03-30,14,False
2025,ramadan_raya,after_raya,2025-04-02,2025-04-15,14,False
