item_code,state,months_with_records,total_records,min_days,median_days,min_premises,median_premises
1,Johor,36,96367,23,28.0,105,142.5
1,Kedah,36,50894,23,28.0,52,62.0
1,Kelantan,36,63067,23,28.0,71,75.0
1,Melaka,36,18304,24,28.0,19,20.0
1,Negeri Sembilan,36,29433,24,28.0,30,33.0
1,Pahang,36,75214,24,28.5,70,103.0
1,Perak,36,82321,24,28.0,78,87.5
1,Perlis,36,14154,23,28.0,15,17.5
1,Pulau Pinang,36,63635,24,28.0,63,66.0
1,Sabah,36,8294,22,28.0,6,9.0
1,Sarawak,36,11376,24,28.0,9,14.0
1,Selangor,36,73762,24,28.0,78,80.5
1,Terengganu,36,56341,23,27.5,69,86.5
1,W.P. Kuala Lumpur,36,73357,24,28.0,81,95.0
1,W.P. Labuan,36,1473,22,28.0,1,2.0
1,W.P. Putrajaya,36,9826,24,28.0,13,16.0
94,Johor,36,56576,23,28.0,59,89.0
94,Kedah,36,24735,23,28.0,23,34.5
94,Kelantan,36,17823,23,28.0,23,26.0
94,Melaka,35,6851,0,28.0,0,8.0
94,Negeri Sembilan,36,28486,24,28.0,30,35.5
94,Pahang,36,66975,24,28.5,63,99.0
94,Perak,36,50439,24,28.0,47,58.5
94,Perlis,36,11624,23,28.0,15,20.0
94,Pulau Pinang,36,35263,24,28.0,35,47.0
94,Sabah,36,18298,22,28.0,20,30.5
94,Sarawak,36,72470,24,28.0,90,100.0
94,Selangor,36,62099,24,28.0,72,77.0
94,Terengganu,36,28814,23,27.5,40,50.5
94,W.P. Kuala Lumpur,36,75028,24,28.0,82,98.0
94,W.P. Labuan,9,51,0,0.0,0,0.0
94,W.P. Putrajaya,32,649,0,5.0,0,2.0
103,Johor,36,17196,7,27.0,20,26.0
103,Kedah,36,8362,4,27.0,8,12.0
103,Kelantan,36,9749,4,26.5,6,18.0
103,Melaka,20,237,0,1.5,0,1.0
103,Negeri Sembilan,36,13057,4,27.0,17,19.0
103,Pahang,36,25263,6,27.0,30,35.5
103,Perak,36,35560,4,27.0,41,46.0
103,Perlis,1,1,0,0.0,0,0.0
103,Pulau Pinang,36,19426,4,27.0,22,24.0
103,Sabah,32,1452,0,26.0,0,2.0
103,Sarawak,28,818,0,26.0,0,1.0
103,Selangor,36,26171,4,27.0,34,39.0
103,Terengganu,36,8408,4,26.5,5,11.5
103,W.P. Kuala Lumpur,36,31807,4,27.5,38,44.0
103,W.P. Labuan,4,10,0,0.0,0,0.0
103,W.P. Putrajaya,36,3764,4,27.5,5,7.0
114,Johor,36,103912,23,28.0,124,163.0
114,Kedah,36,54573,23,28.0,63,68.0
114,Kelantan,36,69568,23,28.0,82,85.5
114,Melaka,36,19615,24,28.0,24,25.0
114,Negeri Sembilan,36,31464,24,28.0,35,38.0
114,Pahang,36,78525,24,28.5,79,113.0
114,Perak,36,84079,24,28.0,85,95.0
114,Perlis,36,16619,23,28.0,20,23.0
114,Pulau Pinang,36,72719,24,28.0,76,82.5
114,Sabah,36,67332,22,28.0,78,95.0
114,Sarawak,36,76836,24,28.0,91,104.5
114,Selangor,36,75059,24,28.0,83,86.0
114,Terengganu,36,51833,23,27.5,72,90.5
114,W.P. Kuala Lumpur,36,98414,24,28.0,111,123.5
114,W.P. Labuan,36,4932,22,28.0,5,9.5
114,W.P. Putrajaya,36,11142,24,28.0,19,20.0
129,Johor,36,99059,23,28.0,122,159.0
129,Kedah,36,55331,23,28.0,74,86.5
129,Kelantan,36,73004,23,28.0,123,129.0
129,Melaka,36,19292,24,28.0,24,26.0
129,Negeri Sembilan,36,29721,24,28.0,34,37.0
129,Pahang,36,72784,24,28.5,74,111.0
129,Perak,36,80562,24,28.0,80,103.0
129,Perlis,36,17344,23,28.0,29,35.0
129,Pulau Pinang,36,69362,24,28.0,73,83.0
129,Sabah,36,93219,22,28.0,122,133.0
129,Sarawak,36,101545,24,28.0,137,145.5
129,Selangor,36,71447,24,28.0,79,82.0
129,Terengganu,36,60306,23,27.5,103,107.0
129,W.P. Kuala Lumpur,36,91773,24,28.0,99,117.0
129,W.P. Labuan,36,11338,22,28.0,13,14.0
129,W.P. Putrajaya,36,10661,24,28.0,18,20.0
193,Johor,36,5956,3,5.0,29,42.0
193,Kedah,36,12844,3,4.5,80,85.5
193,Kelantan,36,1371,3,4.0,8,10.0
193,Melaka,36,1063,3,4.0,5,6.0
193,Negeri Sembilan,36,3646,3,4.0,20,24.0
193,Pahang,36,8157,3,4.0,46,59.0
193,Perak,36,14846,3,5.0,80,107.0
193,Perlis,36,5103,3,4.0,29,36.0
193,Pulau Pinang,36,10216,3,5.0,61,66.0
193,Sabah,36,8850,3,5.0,55,63.0
193,Sarawak,36,13290,3,5.0,78,90.0
193,Selangor,36,9160,3,5.0,52,61.0
193,Terengganu,36,1587,3,4.0,7,11.0
193,W.P. Kuala Lumpur,36,13198,3,4.0,80,88.0
193,W.P. Labuan,36,559,2,4.0,1,5.0
193,W.P. Putrajaya,36,1706,3,4.0,6,11.0
904,Johor,36,17870,4,23.5,25,40.0
904,Kedah,36,17452,4,23.5,41,46.0
904,Kelantan,36,9117,4,23.5,9,24.0
904,Melaka,36,4062,4,24.5,5,7.0
904,Negeri Sembilan,36,6256,4,24.5,11,12.5
904,Pahang,36,11639,4,24.5,17,25.0
904,Perak,36,21965,4,24.5,41,57.0
904,Perlis,36,2271,3,4.0,10,14.0
904,Pulau Pinang,36,13916,4,24.5,26,37.0
904,Sabah,0,0,0,0.0,0,0.0
904,Sarawak,0,0,0,0.0,0,0.0
904,Selangor,36,12253,4,24.0,18,28.0
904,Terengganu,36,10066,3,23.5,21,28.0
904,W.P. Kuala Lumpur,36,19063,4,24.0,29,38.5
904,W.P. Labuan,0,0,0,0.0,0,0.0
904,W.P. Putrajaya,36,2905,3,24.0,3,9.0
917,Johor,36,22447,6,8.0,120,161.5
917,Kedah,36,11432,4,4.0,66,77.0
917,Kelantan,36,18070,3,5.0,109,123.0
917,Melaka,36,4305,3,5.0,24,26.0
917,Negeri Sembilan,36,6245,3,4.0,36,41.0
917,Pahang,36,16824,6,8.0,80,132.5
917,Perak,36,16812,3,4.5,86,126.0
917,Perlis,36,5061,3,4.0,25,37.0
917,Pulau Pinang,36,12644,3,5.0,68,86.0
917,Sabah,36,6566,3,5.0,35,49.0
917,Sarawak,36,6964,3,5.0,41,51.0
917,Selangor,36,11096,3,5.0,67,78.5
917,Terengganu,36,15101,3,4.0,93,99.0
917,W.P. Kuala Lumpur,36,15555,3,4.5,91,105.0
917,W.P. Labuan,36,730,3,4.0,3,5.5
917,W.P. Putrajaya,36,2757,3,4.0,17,19.5
918,Johor,36,9336,6,8.0,38,57.0
918,Kedah,36,8954,3,5.0,35,51.5
918,Kelantan,36,20438,3,5.0,76,104.5
918,Melaka,36,2814,3,5.5,10,17.0
918,Negeri Sembilan,36,2595,3,5.0,4,13.5
918,Pahang,36,12539,4,7.0,36,60.0
918,Perak,36,5224,3,5.0,22,38.5
918,Perlis,36,5923,3,5.0,20,34.5
918,Pulau Pinang,36,4903,3,5.0,23,34.5
918,Sabah,36,8775,3,5.0,16,28.5
918,Sarawak,36,8292,3,5.0,21,49.0
918,Selangor,36,8996,3,5.0,18,43.5
918,Terengganu,36,12232,3,5.0,48,70.0
918,W.P. Kuala Lumpur,36,7368,3,5.0,15,38.0
918,W.P. Labuan,36,2212,3,5.0,3,7.0
918,W.P. Putrajaya,36,566,1,4.0,1,4.0
1111,Johor,36,59983,23,28.0,60,127.5
1111,Kedah,36,17728,23,28.0,16,36.5
1111,Kelantan,36,23562,23,28.0,33,68.0
1111,Melaka,36,9536,24,28.0,13,16.0
1111,Negeri Sembilan,36,17606,24,28.0,17,29.0
1111,Pahang,36,34418,24,28.5,41,86.5
1111,Perak,36,40981,24,28.0,37,77.5
1111,Perlis,36,3399,2,26.0,2,9.0
1111,Pulau Pinang,36,28979,24,28.0,28,42.5
1111,Sabah,36,12117,22,28.0,8,39.0
1111,Sarawak,36,7822,24,28.0,10,18.0
1111,Selangor,36,34842,23,28.0,41,62.0
1111,Terengganu,36,20507,23,27.5,40,62.5
1111,W.P. Kuala Lumpur,36,45257,24,28.0,48,82.0
1111,W.P. Labuan,20,180,0,2.0,0,1.0
1111,W.P. Putrajaya,36,4049,19,27.5,5,9.0
1131,Johor,36,88869,23,28.0,111,155.5
1131,Kedah,36,38450,23,28.0,46,57.0
1131,Kelantan,36,45718,23,28.0,66,73.5
1131,Melaka,36,14936,24,28.0,16,20.0
1131,Negeri Sembilan,36,22167,24,28.0,25,32.0
1131,Pahang,36,68438,23,28.0,67,109.0
1131,Perak,36,73662,24,28.0,78,106.0
1131,Perlis,36,13608,23,28.0,24,28.5
1131,Pulau Pinang,36,59454,24,28.0,54,85.0
1131,Sabah,36,83946,22,28.0,114,120.0
1131,Sarawak,36,102271,24,28.0,136,148.0
1131,Selangor,36,63408,24,28.0,70,77.0
1131,Terengganu,36,45967,23,27.5,63,80.0
1131,W.P. Kuala Lumpur,36,76027,24,28.0,77,98.0
1131,W.P. Labuan,36,11479,22,28.0,13,14.0
1131,W.P. Putrajaya,36,10352,24,28.0,19,20.0
1431,Johor,36,6627,7,27.0,7,10.5
1431,Kedah,36,9731,4,27.0,12,13.0
1431,Kelantan,36,13712,4,27.0,15,18.0
1431,Melaka,36,5018,4,27.0,6,7.0
1431,Negeri Sembilan,36,4640,4,27.0,6,8.0
1431,Pahang,36,5659,4,27.0,5,9.0
1431,Perak,36,13817,4,27.0,12,19.0
1431,Perlis,36,1907,4,27.0,1,3.0
1431,Pulau Pinang,36,14062,4,27.0,15,18.0
1431,Sabah,36,2334,4,27.0,2,3.0
1431,Sarawak,36,1619,1,26.0,1,2.0
1431,Selangor,36,9809,4,27.0,8,15.0
1431,Terengganu,36,7360,4,26.5,7,15.0
1431,W.P. Kuala Lumpur,34,2887,0,27.0,0,6.0
1431,W.P. Labuan,0,0,0,0.0,0,0.0
1431,W.P. Putrajaya,35,798,0,17.0,0,2.0
1555,Johor,36,73760,23,28.0,92,132.0
1555,Kedah,36,34135,23,28.0,43,47.0
1555,Kelantan,36,54878,23,28.0,67,72.5
1555,Melaka,36,16161,24,28.0,19,20.0
1555,Negeri Sembilan,36,21329,24,28.0,23,24.0
1555,Pahang,36,54123,23,28.0,69,86.0
1555,Perak,36,67904,24,28.0,76,82.5
1555,Perlis,36,7474,23,28.0,12,15.5
1555,Pulau Pinang,36,43172,24,28.0,51,62.0
1555,Sabah,36,22963,22,28.0,28,37.0
1555,Sarawak,36,35644,24,28.0,38,47.0
1555,Selangor,36,65000,24,28.0,76,80.0
1555,Terengganu,36,29137,23,27.5,54,62.0
1555,W.P. Kuala Lumpur,36,61461,24,28.0,81,90.0
1555,W.P. Labuan,11,1362,0,0.0,0,0.0
1555,W.P. Putrajaya,36,9229,24,28.0,15,16.0
1564,Johor,36,103889,23,28.0,132,166.0
1564,Kedah,36,50321,23,28.0,70,74.5
1564,Kelantan,36,50295,23,28.0,57,69.5
1564,Melaka,36,20099,24,28.0,27,27.0
1564,Negeri Sembilan,36,30241,24,28.0,39,41.0
1564,Pahang,36,72145,24,28.5,71,109.5
1564,Perak,36,85987,24,28.0,88,115.0
1564,Perlis,36,13982,23,28.0,26,28.0
1564,Pulau Pinang,36,73978,24,28.0,81,91.0
1564,Sabah,36,95444,22,28.0,127,132.0
1564,Sarawak,36,102153,24,28.0,133,140.0
1564,Selangor,36,72762,24,28.0,80,83.5
1564,Terengganu,36,44664,23,27.5,70,75.5
1564,W.P. Kuala Lumpur,36,93749,24,28.0,102,117.5
1564,W.P. Labuan,36,11743,22,28.0,13,14.0
1564,W.P. Putrajaya,36,10592,24,28.0,18,20.0
1589,Johor,36,22758,6,8.0,100,167.5
1589,Kedah,36,12141,4,4.0,57,82.5
1589,Kelantan,36,21768,3,5.0,122,142.0
1589,Melaka,36,4271,3,5.0,14,26.0
1589,Negeri Sembilan,36,5959,3,4.0,26,39.0
1589,Pahang,36,17020,4,8.0,65,133.0
1589,Perak,36,16832,3,5.0,79,121.0
1589,Perlis,36,5109,3,4.0,28,39.0
1589,Pulau Pinang,36,13319,3,5.0,70,84.5
1589,Sabah,36,11949,3,5.0,57,87.0
1589,Sarawak,36,14190,3,5.0,62,110.5
1589,Selangor,36,11769,3,5.0,67,78.5
1589,Terengganu,36,14728,3,4.0,75,105.0
1589,W.P. Kuala Lumpur,36,16756,3,5.0,82,111.5
1589,W.P. Labuan,35,1327,0,4.0,0,11.0
1589,W.P. Putrajaya,36,2877,3,4.0,15,20.0
