item_code,months_with_records,total_records,min_days_per_month,median_days_per_month,min_premises_per_month,item,unit
904,36,148835,4,24.5,307,BERAS SUPER CAP RAMBUTAN 5% (IMPORT),10 kg
1583,36,87460,4,24.5,126,BERAS SUPER CAP JATI TWR  5% (IMPORT),10 kg
1951,36,43386,4,24.0,100,BERAS PREMIUM CAP 3A BOY (SUPER IMPORT),10 kg
1825,36,42018,4,25.0,107,BERAS SUPER SAZARICE CAP ANGGUR (BERAS PUTIH IMPORT ),10 kg
1826,36,40565,4,25.0,102,BERAS SUPER SAZARICE CAP RODA (BERAS PUTIH IMPORT),10 kg
1833,36,39991,4,24.0,81,BERAS PREMIUM CAP UNCLE TAN (SUPER IMPORT),10 kg
1824,36,5475,3,5.0,17,BERAS TKC SUPER HUMA CAP KELISA EMAS (SABAH),10 kg
1823,36,4876,3,5.0,18,BERAS TKC SABAH CAP TQR 5%,10 kg
1822,36,4269,3,4.5,19,BERAS PUTIH IMPORT SABAH RICE VAGAS TOKOU,10 kg
1832,36,3553,3,5.0,15,BERAS CAP BAO-BAO GOLDEN SARAWAK (SUPER IMPORT),10 kg
2004,36,454,3,4.0,1,BERAS SUPER IMPORT CAP FAMILY,10 kg
1445,35,13922,0,5.0,0,BERAS CAP FAIZA EMAS (SST5%),10 kg
1582,35,13389,0,5.0,0,BERAS CAP JASMINE (SST5%),10 kg
1581,35,8720,0,5.0,0,BERAS CAP RAMBUTAN (SST5%),10 kg
992,31,7340,0,4.0,0,BERAS CAP JATI (SST5%),10 kg
2066,21,199337,0,18.5,0,BERAS PUTIH CAP FAIZA EMAS (IMPORT),10 kg
2068,21,175298,0,14.0,0,BERAS CAP JASMINE SUPER 5 SPECIAL (IMPORT),10 kg
1902,18,472,0,1.0,0,BERAS SAZARICE SUPER WR (BERAS PUTIH IMPORT),10 kg
1903,0,0,0,0.0,0,BERAS KELAS MAHIR SUPER IMPORT RICE (5%),10 kg
