item_code,observations,recorded_days,premises,month,source_days,has_records
1,18722,29,808,2023-01,29,True
1111,2853,29,450,2023-01,29,True
992,1358,6,331,2023-01,29,True
918,6198,29,775,2023-01,29,True
1589,6216,14,1310,2023-01,29,True
1593,3,3,1,2023-01,29,True
129,24797,29,1273,2023-01,29,True
1564,24165,29,1227,2023-01,29,True
1131,21289,29,1127,2023-01,29,True
94,12588,29,673,2023-01,29,True
114,22885,29,1091,2023-01,29,True
103,6116,29,264,2023-01,29,True
1370,353,27,23,2023-01,29,True
1555,14039,29,800,2023-01,29,True
193,3103,10,708,2023-01,29,True
2066,0,0,0,2023-01,29,False
917,4515,13,1034,2023-01,29,True
1431,3286,29,148,2023-01,29,True
1,17141,27,806,2023-02,27,True
1111,3808,27,492,2023-02,27,True
992,1122,9,325,2023-02,27,True
918,6418,27,773,2023-02,27,True
1589,4994,13,1300,2023-02,27,True
1593,4,4,1,2023-02,27,True
129,22991,27,1259,2023-02,27,True
1564,22250,27,1202,2023-02,27,True
1131,19275,27,1095,2023-02,27,True
94,11736,27,664,2023-02,27,True
114,20556,27,1075,2023-02,27,True
103,5621,27,264,2023-02,27,True
1370,333,27,32,2023-02,27,True
1555,13832,27,797,2023-02,27,True
193,2574,9,704,2023-02,27,True
2066,0,0,0,2023-02,27,False
917,3702,12,1031,2023-02,27,True
1431,3105,27,149,2023-02,27,True
1,20222,31,809,2023-03,31,True
1111,5275,31,516,2023-03,31,True
992,1113,8,322,2023-03,31,True
918,7721,31,793,2023-03,31,True
1589,5001,18,1284,2023-03,31,True
1593,5,4,2,2023-03,31,True
129,27080,31,1259,2023-03,31,True
1564,26384,31,1208,2023-03,31,True
1131,20718,31,1073,2023-03,31,True
94,14317,31,666,2023-03,31,True
114,25031,31,1085,2023-03,31,True
103,6859,31,276,2023-03,31,True
1370,371,31,25,2023-03,31,True
1555,16706,31,799,2023-03,31,True
193,2558,8,691,2023-03,31,True
2066,0,0,0,2023-03,31,False
917,3765,16,1022,2023-03,31,True
1431,3732,31,158,2023-03,31,True
1,16635,26,795,2023-04,26,True
1111,6270,26,567,2023-04,26,True
992,1420,7,323,2023-04,26,True
918,6911,26,800,2023-04,26,True
1589,6260,15,1293,2023-04,26,True
1593,5,5,1,2023-04,26,True
129,22138,26,1253,2023-04,26,True
1564,22217,26,1216,2023-04,26,True
1131,17192,26,1059,2023-04,26,True
94,11410,26,648,2023-04,26,True
114,21029,26,1103,2023-04,26,True
103,5660,26,286,2023-04,26,True
1370,343,26,23,2023-04,26,True
1555,13295,26,793,2023-04,26,True
193,3250,12,703,2023-04,26,True
2066,0,0,0,2023-04,26,False
917,4625,15,1018,2023-04,26,True
1431,3239,26,169,2023-04,26,True
1,15916,24,790,2023-05,24,True
1111,7235,24,620,2023-05,24,True
992,902,9,281,2023-05,24,True
918,6951,24,826,2023-05,24,True
1589,4509,16,1249,2023-05,24,True
1593,12,4,6,2023-05,24,True
129,19629,24,1245,2023-05,24,True
1564,20517,24,1207,2023-05,24,True
1131,15903,24,1028,2023-05,24,True
94,11017,24,658,2023-05,24,True
114,20596,24,1111,2023-05,24,True
103,5308,24,285,2023-05,24,True
1370,256,24,23,2023-05,24,True
1555,13316,24,804,2023-05,24,True
193,2695,12,702,2023-05,24,True
2066,0,0,0,2023-05,24,False
917,3847,16,1029,2023-05,24,True
1431,2833,24,157,2023-05,24,True
1,18384,28,791,2023-06,28,True
1111,7945,28,628,2023-06,28,True
992,551,5,205,2023-06,28,True
918,7785,28,832,2023-06,28,True
1589,4305,11,1217,2023-06,28,True
1593,3,1,3,2023-06,28,True
129,23700,28,1241,2023-06,28,True
1564,23473,28,1191,2023-06,28,True
1131,18070,28,1021,2023-06,28,True
94,12789,28,651,2023-06,28,True
114,23726,28,1123,2023-06,28,True
103,6377,28,281,2023-06,28,True
1370,309,26,20,2023-06,28,True
1555,15434,28,804,2023-06,28,True
193,2550,8,713,2023-06,28,True
2066,0,0,0,2023-06,28,False
917,3792,11,1032,2023-06,28,True
1431,3272,28,151,2023-06,28,True
1,19876,30,808,2023-07,30,True
1111,7635,30,624,2023-07,30,True
992,333,8,135,2023-07,30,True
918,7963,30,833,2023-07,30,True
1589,5630,19,1217,2023-07,30,True
1593,2,2,2,2023-07,30,True
129,26066,30,1248,2023-07,30,True
1564,25346,30,1187,2023-07,30,True
1131,20788,30,1051,2023-07,30,True
94,14482,30,680,2023-07,30,True
114,25142,30,1118,2023-07,30,True
103,6586,30,281,2023-07,30,True
1370,285,30,15,2023-07,30,True
1555,16594,30,802,2023-07,30,True
193,3263,11,714,2023-07,30,True
2066,0,0,0,2023-07,30,False
917,4719,17,1042,2023-07,30,True
1431,2761,30,142,2023-07,30,True
1,18969,29,811,2023-08,29,True
1111,6300,29,594,2023-08,29,True
992,183,6,85,2023-08,29,True
918,6752,29,783,2023-08,29,True
1589,4575,16,1232,2023-08,29,True
1593,2,2,1,2023-08,29,True
129,24775,29,1245,2023-08,29,True
1564,24060,29,1177,2023-08,29,True
1131,20453,29,1041,2023-08,29,True
94,14167,29,694,2023-08,29,True
114,23941,29,1106,2023-08,29,True
103,6627,29,278,2023-08,29,True
1370,341,29,22,2023-08,29,True
1555,15920,29,800,2023-08,29,True
193,2650,9,702,2023-08,29,True
2066,0,0,0,2023-08,29,False
917,3822,14,1046,2023-08,29,True
1431,3110,29,142,2023-08,29,True
1,18061,27,807,2023-09,28,True
1111,4748,27,542,2023-09,28,True
992,37,12,24,2023-09,28,True
918,5184,27,704,2023-09,28,True
1589,3918,16,1173,2023-09,28,True
1593,3,3,3,2023-09,28,True
129,22975,28,1238,2023-09,28,True
1564,23067,28,1179,2023-09,28,True
1131,19622,28,1053,2023-09,28,True
94,13325,28,691,2023-09,28,True
114,22430,28,1093,2023-09,28,True
103,6528,27,287,2023-09,28,True
1370,295,27,16,2023-09,28,True
1555,14878,27,798,2023-09,28,True
193,2626,9,711,2023-09,28,True
2066,0,0,0,2023-09,28,False
917,3792,14,1050,2023-09,28,True
1431,2988,27,143,2023-09,28,True
1,20393,30,812,2023-10,30,True
1111,5360,30,538,2023-10,30,True
992,13,11,6,2023-10,30,True
918,5661,30,710,2023-10,30,True
1589,3823,17,1053,2023-10,30,True
1593,3,2,3,2023-10,30,True
129,26058,30,1247,2023-10,30,True
1564,25533,30,1178,2023-10,30,True
1131,21760,30,1063,2023-10,30,True
94,14402,30,669,2023-10,30,True
114,25013,30,1101,2023-10,30,True
103,7039,30,284,2023-10,30,True
1370,298,30,16,2023-10,30,True
1555,16348,30,791,2023-10,30,True
193,3290,14,713,2023-10,30,True
2066,0,0,0,2023-10,30,False
917,4886,13,1087,2023-10,30,True
1431,3307,30,142,2023-10,30,True
1,17879,28,814,2023-11,28,True
1111,5290,28,527,2023-11,28,True
992,7,6,4,2023-11,28,True
918,4605,28,662,2023-11,28,True
1589,2866,21,963,2023-11,28,True
1593,3,3,2,2023-11,28,True
129,23322,28,1247,2023-11,28,True
1564,22533,28,1167,2023-11,28,True
1131,19457,28,1045,2023-11,28,True
94,12369,28,678,2023-11,28,True
114,22172,28,1101,2023-11,28,True
103,6070,28,275,2023-11,28,True
1370,275,28,13,2023-11,28,True
1555,14645,28,800,2023-11,28,True
193,2654,12,704,2023-11,28,True
2066,0,0,0,2023-11,28,False
917,3959,15,1089,2023-11,28,True
1431,3087,28,139,2023-11,28,True
1,15962,24,802,2023-12,24,True
1111,5122,24,542,2023-12,24,True
992,2,2,2,2023-12,24,True
918,4368,24,640,2023-12,24,True
1589,3401,15,1019,2023-12,24,True
1593,7,3,5,2023-12,24,True
129,20559,24,1258,2023-12,24,True
1564,20173,24,1165,2023-12,24,True
1131,17845,24,1094,2023-12,24,True
94,10692,24,661,2023-12,24,True
114,19960,24,1085,2023-12,24,True
103,5507,24,271,2023-12,24,True
1370,226,24,18,2023-12,24,True
1555,13322,24,781,2023-12,24,True
193,2672,14,713,2023-12,24,True
2066,0,0,0,2023-12,24,False
917,3922,16,1071,2023-12,24,True
1431,2823,24,144,2023-12,24,True
1,20484,31,816,2024-01,31,True
1111,6928,31,568,2024-01,31,True
992,1,1,1,2024-01,31,True
918,4045,31,643,2024-01,31,True
1589,4581,23,1106,2024-01,31,True
1593,2,2,2,2024-01,31,True
129,26085,31,1252,2024-01,31,True
1564,26002,31,1175,2024-01,31,True
1131,23071,31,1094,2024-01,31,True
94,14440,31,674,2024-01,31,True
114,25478,31,1102,2024-01,31,True
103,6966,31,273,2024-01,31,True
1370,286,31,17,2024-01,31,True
1555,16855,31,806,2024-01,31,True
193,3307,16,718,2024-01,31,True
2066,0,0,0,2024-01,31,False
917,4699,21,1078,2024-01,31,True
1431,3614,31,143,2024-01,31,True
1,18273,27,862,2024-02,28,True
1111,6216,27,640,2024-02,28,True
992,2,2,2,2024-02,28,True
918,1298,17,483,2024-02,28,True
1589,4057,13,1161,2024-02,28,True
1593,1,1,1,2024-02,28,True
129,22808,28,1309,2024-02,28,True
1564,22597,28,1236,2024-02,28,True
1131,20344,28,1180,2024-02,28,True
94,13091,27,696,2024-02,28,True
114,22315,28,1158,2024-02,28,True
103,5839,27,282,2024-02,28,True
1370,196,26,14,2024-02,28,True
1555,13930,27,831,2024-02,28,True
193,2726,9,746,2024-02,28,True
2066,0,0,0,2024-02,28,False
917,4035,12,1134,2024-02,28,True
1431,3073,27,144,2024-02,28,True
1,18568,28,885,2024-03,28,True
1111,8550,28,702,2024-03,28,True
992,1,1,1,2024-03,28,True
918,1351,10,495,2024-03,28,True
1589,4264,14,1213,2024-03,28,True
1593,7,4,3,2024-03,28,True
129,23032,28,1338,2024-03,28,True
1564,23217,28,1254,2024-03,28,True
1131,19915,28,1150,2024-03,28,True
94,13591,28,740,2024-03,28,True
114,23094,28,1175,2024-03,28,True
103,6102,28,286,2024-03,28,True
1370,228,27,24,2024-03,28,True
1555,15140,28,858,2024-03,28,True
193,2806,9,762,2024-03,28,True
2066,0,0,0,2024-03,28,False
917,4123,14,1181,2024-03,28,True
1431,3484,28,164,2024-03,28,True
1,19521,28,890,2024-04,28,True
1111,11720,28,797,2024-04,28,True
992,4,2,4,2024-04,28,True
918,1782,11,528,2024-04,28,True
1589,5475,15,1263,2024-04,28,True
1593,3,3,3,2024-04,28,True
129,25468,28,1362,2024-04,28,True
1564,24549,28,1270,2024-04,28,True
1131,21557,28,1210,2024-04,28,True
94,14070,28,726,2024-04,28,True
114,24777,28,1197,2024-04,28,True
103,6172,28,293,2024-04,28,True
1370,253,28,23,2024-04,28,True
1555,15745,28,859,2024-04,28,True
193,3494,13,773,2024-04,28,True
2066,10312,28,622,2024-04,28,True
917,5550,16,1218,2024-04,28,True
1431,3502,28,173,2024-04,28,True
1,20586,29,896,2024-05,31,True
1111,12607,29,818,2024-05,31,True
992,7,4,5,2024-05,31,True
918,2041,14,610,2024-05,31,True
1589,5702,19,1294,2024-05,31,True
1593,16,5,7,2024-05,31,True
129,27167,30,1379,2024-05,31,True
1564,26128,30,1294,2024-05,31,True
1131,21655,30,1167,2024-05,31,True
94,15220,30,761,2024-05,31,True
114,26321,30,1222,2024-05,31,True
103,6773,29,301,2024-05,31,True
1370,269,29,19,2024-05,31,True
1555,17640,29,874,2024-05,31,True
193,3642,15,787,2024-05,31,True
2066,11147,29,642,2024-05,31,True
917,5717,21,1251,2024-05,31,True
1431,3484,29,154,2024-05,31,True
1,19428,28,898,2024-06,28,True
1111,9519,28,753,2024-06,28,True
992,1,1,1,2024-06,28,True
918,1157,7,517,2024-06,28,True
1589,3442,11,1250,2024-06,28,True
1593,19,3,10,2024-06,28,True
129,24749,28,1378,2024-06,28,True
1564,24344,28,1287,2024-06,28,True
1131,20912,28,1181,2024-06,28,True
94,13960,28,758,2024-06,28,True
114,24221,28,1210,2024-06,28,True
103,6532,28,291,2024-06,28,True
1370,261,28,23,2024-06,28,True
1555,16815,28,883,2024-06,28,True
193,2183,7,763,2024-06,28,True
2066,10265,28,613,2024-06,28,True
917,3410,11,1202,2024-06,28,True
1431,2802,28,154,2024-06,28,True
1,20433,30,911,2024-07,30,True
1111,9120,30,751,2024-07,30,True
992,1,1,1,2024-07,30,True
918,1984,9,598,2024-07,30,True
1589,5820,13,1319,2024-07,30,True
1593,24,5,7,2024-07,30,True
129,26838,30,1395,2024-07,30,True
1564,25777,30,1314,2024-07,30,True
1131,23069,30,1227,2024-07,30,True
94,15632,30,801,2024-07,30,True
114,25268,30,1220,2024-07,30,True
103,7128,29,332,2024-07,30,True
1370,302,28,21,2024-07,30,True
1555,17494,30,894,2024-07,30,True
193,3638,9,797,2024-07,30,True
2066,11554,30,660,2024-07,30,True
917,5577,14,1240,2024-07,30,True
1431,3045,29,153,2024-07,30,True
1,17914,25,920,2024-08,26,True
1111,7727,25,719,2024-08,26,True
992,0,0,0,2024-08,26,False
918,1080,10,498,2024-08,26,True
1589,3590,11,1272,2024-08,26,True
1593,22,5,9,2024-08,26,True
129,23388,26,1394,2024-08,26,True
1564,22557,26,1307,2024-08,26,True
1131,20158,26,1234,2024-08,26,True
94,14416,25,815,2024-08,26,True
114,22773,26,1225,2024-08,26,True
103,6639,26,333,2024-08,26,True
1370,290,25,20,2024-08,26,True
1555,15144,26,887,2024-08,26,True
193,2249,6,779,2024-08,26,True
2066,10129,25,647,2024-08,26,True
917,3394,11,1213,2024-08,26,True
1431,2888,25,152,2024-08,26,True
1,21246,29,923,2024-09,29,True
1111,8613,29,725,2024-09,29,True
992,0,0,0,2024-09,29,False
918,1717,13,566,2024-09,29,True
1589,6031,17,1332,2024-09,29,True
1593,26,5,13,2024-09,29,True
129,27841,29,1396,2024-09,29,True
1564,26862,29,1313,2024-09,29,True
1131,24173,29,1247,2024-09,29,True
94,17080,29,831,2024-09,29,True
114,26640,29,1245,2024-09,29,True
103,7675,29,330,2024-09,29,True
1370,299,29,20,2024-09,29,True
1555,17500,29,896,2024-09,29,True
193,3701,10,800,2024-09,29,True
2066,11944,29,667,2024-09,29,True
917,5510,17,1224,2024-09,29,True
1431,3358,29,153,2024-09,29,True
1,22055,31,930,2024-10,31,True
1111,9908,31,756,2024-10,31,True
992,0,0,0,2024-10,31,False
918,1370,9,509,2024-10,31,True
1589,5005,11,1338,2024-10,31,True
1593,23,4,10,2024-10,31,True
129,28065,31,1399,2024-10,31,True
1564,27344,31,1311,2024-10,31,True
1131,24638,31,1242,2024-10,31,True
94,17467,31,841,2024-10,31,True
114,27445,31,1245,2024-10,31,True
103,7654,31,316,2024-10,31,True
1370,261,31,22,2024-10,31,True
1555,17965,31,883,2024-10,31,True
193,2943,7,786,2024-10,31,True
2066,12146,31,669,2024-10,31,True
917,4507,11,1221,2024-10,31,True
1431,3552,31,150,2024-10,31,True
1,20367,28,923,2024-11,28,True
1111,10638,28,762,2024-11,28,True
992,0,0,0,2024-11,28,False
918,1228,9,486,2024-11,28,True
1589,4991,9,1370,2024-11,28,True
1593,20,4,7,2024-11,28,True
129,26461,28,1422,2024-11,28,True
1564,25435,28,1338,2024-11,28,True
1131,23027,28,1262,2024-11,28,True
94,15041,28,829,2024-11,28,True
114,24966,28,1248,2024-11,28,True
103,5874,28,295,2024-11,28,True
1370,259,28,21,2024-11,28,True
1555,16311,28,889,2024-11,28,True
193,2943,4,800,2024-11,28,True
2066,11421,28,667,2024-11,28,True
917,4553,9,1243,2024-11,28,True
1431,3283,28,155,2024-11,28,True
1,21878,30,927,2024-12,30,True
1111,12293,30,790,2024-12,30,True
992,0,0,0,2024-12,30,False
918,1238,8,487,2024-12,30,True
1589,5045,13,1372,2024-12,30,True
1593,29,4,13,2024-12,30,True
129,28318,30,1417,2024-12,30,True
1564,27218,30,1339,2024-12,30,True
1131,25086,30,1301,2024-12,30,True
94,16836,30,834,2024-12,30,True
114,26281,30,1246,2024-12,30,True
103,6030,30,269,2024-12,30,True
1370,277,30,22,2024-12,30,True
1555,17499,30,888,2024-12,30,True
193,2953,8,795,2024-12,30,True
2066,12168,30,653,2024-12,30,True
917,4538,10,1238,2024-12,30,True
1431,3476,30,149,2024-12,30,True
1,21093,29,920,2025-01,29,True
1111,12976,29,820,2025-01,29,True
992,4,3,4,2025-01,29,True
918,1643,11,559,2025-01,29,True
1589,6323,14,1392,2025-01,29,True
1593,50,5,19,2025-01,29,True
129,27635,29,1423,2025-01,29,True
1564,26664,29,1345,2025-01,29,True
1131,25185,29,1326,2025-01,29,True
94,16814,29,858,2025-01,29,True
114,25564,29,1246,2025-01,29,True
103,6013,29,281,2025-01,29,True
1370,271,29,25,2025-01,29,True
1555,16332,29,879,2025-01,29,True
193,3547,9,781,2025-01,29,True
2066,12461,29,685,2025-01,29,True
917,5607,13,1240,2025-01,29,True
1431,3308,29,149,2025-01,29,True
1,18562,26,928,2025-02,26,True
1111,11485,26,816,2025-02,26,True
992,1,1,1,2025-02,26,True
918,1234,9,486,2025-02,26,True
1589,5184,11,1365,2025-02,26,True
1593,47,5,19,2025-02,26,True
129,24223,26,1431,2025-02,26,True
1564,23252,26,1346,2025-02,26,True
1131,22276,26,1332,2025-02,26,True
94,14102,26,855,2025-02,26,True
114,22582,26,1248,2025-02,26,True
103,5055,26,272,2025-02,26,True
1370,254,26,33,2025-02,26,True
1555,13448,26,876,2025-02,26,True
193,2853,5,767,2025-02,26,True
2066,10976,26,690,2025-02,26,True
917,4553,11,1225,2025-02,26,True
1431,2962,26,160,2025-02,26,True
1,21098,30,930,2025-03,30,True
1111,14246,30,872,2025-03,30,True
992,8,5,6,2025-03,30,True
918,1777,10,577,2025-03,30,True
1589,6366,13,1409,2025-03,30,True
1593,199,6,71,2025-03,30,True
129,28174,30,1457,2025-03,30,True
1564,27001,30,1369,2025-03,30,True
1131,24903,30,1348,2025-03,30,True
94,16067,30,836,2025-03,30,True
114,26491,30,1275,2025-03,30,True
103,6196,30,306,2025-03,30,True
1370,279,30,28,2025-03,30,True
1555,16038,30,901,2025-03,30,True
193,3527,6,790,2025-03,30,True
2066,12774,30,699,2025-03,30,True
917,5527,13,1257,2025-03,30,True
1431,3644,30,172,2025-03,30,True
1,20182,28,929,2025-04,28,True
1111,11384,28,879,2025-04,28,True
992,7,4,4,2025-04,28,True
918,1482,10,532,2025-04,28,True
1589,5227,10,1399,2025-04,28,True
1593,215,5,69,2025-04,28,True
129,26447,28,1443,2025-04,28,True
1564,25294,28,1367,2025-04,28,True
1131,22877,28,1320,2025-04,28,True
94,15594,28,845,2025-04,28,True
114,25127,28,1271,2025-04,28,True
103,5608,28,299,2025-04,28,True
1370,198,28,23,2025-04,28,True
1555,15130,28,883,2025-04,28,True
193,2753,5,770,2025-04,28,True
2066,11342,28,682,2025-04,28,True
917,4527,10,1240,2025-04,28,True
1431,3064,28,158,2025-04,28,True
1,21542,29,932,2025-05,29,True
1111,14221,29,880,2025-05,29,True
992,33,5,18,2025-05,29,True
918,2118,9,646,2025-05,29,True
1589,6636,10,1423,2025-05,29,True
1593,303,5,88,2025-05,29,True
129,28487,29,1441,2025-05,29,True
1564,27418,29,1375,2025-05,29,True
1131,23943,29,1307,2025-05,29,True
94,17486,29,849,2025-05,29,True
114,27362,29,1278,2025-05,29,True
103,6963,29,323,2025-05,29,True
1370,217,29,20,2025-05,29,True
1555,17419,29,897,2025-05,29,True
193,3432,8,782,2025-05,29,True
2066,12660,29,687,2025-05,29,True
917,5699,11,1269,2025-05,29,True
1431,3374,29,152,2025-05,29,True
1,18689,27,934,2025-06,27,True
1111,12812,26,884,2025-06,27,True
992,26,4,17,2025-06,27,True
918,1704,10,633,2025-06,27,True
1589,5304,10,1420,2025-06,27,True
1593,271,5,96,2025-06,27,True
129,24724,27,1449,2025-06,27,True
1564,23988,27,1389,2025-06,27,True
1131,21380,27,1310,2025-06,27,True
94,14457,27,864,2025-06,27,True
114,24006,27,1292,2025-06,27,True
103,6466,26,318,2025-06,27,True
1370,155,26,17,2025-06,27,True
1555,15377,26,916,2025-06,27,True
193,2806,8,765,2025-06,27,True
2066,11104,26,672,2025-06,27,True
917,4515,10,1258,2025-06,27,True
1431,2301,26,152,2025-06,27,True
1,23870,30,1239,2025-07,30,True
1111,16686,30,1215,2025-07,30,True
992,51,4,37,2025-07,30,True
918,2105,10,858,2025-07,30,True
1589,6380,10,2055,2025-07,30,True
1593,149,3,83,2025-07,30,True
129,32341,30,2026,2025-07,30,True
1564,31241,30,1957,2025-07,30,True
1131,28362,30,1851,2025-07,30,True
94,20130,30,1211,2025-07,30,True
114,31110,30,1754,2025-07,30,True
103,5121,21,377,2025-07,30,True
1370,123,19,23,2025-07,30,True
1555,20189,30,1191,2025-07,30,True
193,3233,8,1017,2025-07,30,True
2066,11321,30,911,2025-07,30,True
917,5441,10,1776,2025-07,30,True
1431,2093,21,150,2025-07,30,True
1,25907,30,1159,2025-08,31,True
1111,17969,30,1225,2025-08,31,True
992,102,5,60,2025-08,31,True
918,2908,11,904,2025-08,31,True
1589,9022,12,1938,2025-08,31,True
1593,0,0,0,2025-08,31,False
129,36004,31,1919,2025-08,31,True
1564,34787,31,1840,2025-08,31,True
1131,31391,31,1727,2025-08,31,True
94,22898,30,1165,2025-08,31,True
114,34212,30,1655,2025-08,31,True
103,1488,10,361,2025-08,31,True
1370,61,5,19,2025-08,31,True
1555,22131,30,1165,2025-08,31,True
193,4487,6,975,2025-08,31,True
2066,3934,24,861,2025-08,31,True
917,7635,12,1714,2025-08,31,True
1431,509,12,126,2025-08,31,True
1,22316,27,1153,2025-09,28,True
1111,14026,27,1169,2025-09,28,True
992,41,4,24,2025-09,28,True
918,2201,8,795,2025-09,28,True
1589,7091,11,1902,2025-09,28,True
1593,0,0,0,2025-09,28,False
129,30680,28,1874,2025-09,28,True
1564,29691,28,1796,2025-09,28,True
1131,27054,28,1681,2025-09,28,True
94,19677,27,1142,2025-09,28,True
114,29130,28,1625,2025-09,28,True
103,1181,8,340,2025-09,28,True
1370,46,4,19,2025-09,28,True
1555,19128,27,1138,2025-09,28,True
193,3499,6,973,2025-09,28,True
2066,2843,18,822,2025-09,28,True
917,5897,10,1657,2025-09,28,True
1431,411,9,120,2025-09,28,True
1,25671,31,1153,2025-10,31,True
1111,18165,31,1228,2025-10,31,True
992,6,2,5,2025-10,31,True
918,2406,8,838,2025-10,31,True
1589,7286,10,1919,2025-10,31,True
1593,0,0,0,2025-10,31,False
129,35178,31,1883,2025-10,31,True
1564,34140,31,1806,2025-10,31,True
1131,31001,31,1672,2025-10,31,True
94,22006,31,1140,2025-10,31,True
114,33390,31,1631,2025-10,31,True
103,1170,7,338,2025-10,31,True
1370,54,5,21,2025-10,31,True
1555,22502,31,1160,2025-10,31,True
193,3571,5,969,2025-10,31,True
2066,2922,18,828,2025-10,31,True
917,6017,8,1671,2025-10,31,True
1431,411,8,118,2025-10,31,True
1,24656,30,1146,2025-11,30,True
1111,18280,30,1243,2025-11,30,True
992,1,1,1,2025-11,30,True
918,2331,10,844,2025-11,30,True
1589,7284,10,1916,2025-11,30,True
1593,0,0,0,2025-11,30,False
129,34007,30,1889,2025-11,30,True
1564,33012,30,1809,2025-11,30,True
1131,29994,30,1683,2025-11,30,True
94,21607,30,1156,2025-11,30,True
114,32531,30,1628,2025-11,30,True
103,1154,9,324,2025-11,30,True
1370,58,4,20,2025-11,30,True
1555,21734,30,1166,2025-11,30,True
193,3646,4,995,2025-11,30,True
2066,2984,17,830,2025-11,30,True
917,6169,11,1688,2025-11,30,True
1431,412,11,109,2025-11,30,True
1,25320,30,1145,2025-12,30,True
1111,17037,30,1237,2025-12,30,True
992,2,2,2,2025-12,30,True
918,2450,10,868,2025-12,30,True
1589,7171,11,1909,2025-12,30,True
1593,0,0,0,2025-12,30,False
129,34541,30,1890,2025-12,30,True
1564,33811,30,1815,2025-12,30,True
1131,30412,30,1684,2025-12,30,True
94,21208,30,1161,2025-12,30,True
114,33060,30,1625,2025-12,30,True
103,1184,9,328,2025-12,30,True
1370,63,4,22,2025-12,30,True
1555,21937,30,1151,2025-12,30,True
193,3728,6,994,2025-12,30,True
2066,2930,19,843,2025-12,30,True
917,6065,11,1672,2025-12,30,True
1431,387,9,107,2025-12,30,True
