date,item_code,premise_code,price,source_month
2024-02-05,94,20927,16.99,2024-02
2024-02-05,114,20927,5.99,2024-02
2024-02-05,129,20927,4.8,2024-02
2024-02-05,1131,20927,3.0,2024-02
2024-02-05,1564,20927,12.99,2024-02
2024-02-13,1,20927,8.59,2024-02
2024-02-13,94,20927,16.99,2024-02
2024-02-13,114,20927,5.99,2024-02
2024-02-13,129,20927,4.8,2024-02
2024-02-13,917,20927,2.99,2024-02
2024-02-13,1131,20927,3.0,2024-02
2024-02-13,1564,20927,11.0,2024-02
2024-02-13,1589,20927,2.85,2024-02
2024-02-19,94,20927,11.99,2024-02
2024-02-19,114,20927,6.5,2024-02
2024-02-19,129,20927,4.8,2024-02
2024-02-19,917,20927,2.99,2024-02
2024-02-19,1111,20927,12.3,2024-02
2024-02-19,1131,20927,3.0,2024-02
2024-02-19,1564,20927,12.99,2024-02
2024-02-19,1589,20927,2.85,2024-02
