item_code,premise_type_clean,months_with_records,total_records,min_days,median_days,min_premises,median_premises
1,Borong,35,909,0,4.0,0,9.0
1,Foodcourt,0,0,0,0.0,0,0.0
1,Hypermarket,36,101011,24,29.0,92,105.0
1,Kedai Runcit,36,9976,5,27.0,43,63.5
1,Kedai Serbaneka,0,0,0,0.0,0,0.0
1,Medan Selera,0,0,0,0.0,0,0.0
1,Pasar Basah,36,238487,24,29.0,245,252.0
1,Pasar Mini,36,20769,24,28.0,59,114.5
1,Pasar Raya / Supermarket,36,356666,24,29.0,319,371.5
1,Restoran Cina,0,0,0,0.0,0,0.0
1,Restoran India Muslim,0,0,0,0.0,0,0.0
1,Restoran Melayu,0,0,0,0.0,0,0.0
94,Borong,35,762,0,4.0,0,8.0
94,Foodcourt,0,0,0,0.0,0,0.0
94,Hypermarket,36,88843,24,29.0,90,103.0
94,Kedai Runcit,36,7962,4,26.0,30,47.5
94,Kedai Serbaneka,0,0,0,0.0,0,0.0
94,Medan Selera,0,0,0,0.0,0,0.0
94,Pasar Basah,36,113956,24,29.0,130,155.5
94,Pasar Mini,36,16528,20,27.5,60,96.0
94,Pasar Raya / Supermarket,36,328130,24,29.0,309,368.5
94,Restoran Cina,0,0,0,0.0,0,0.0
94,Restoran India Muslim,0,0,0,0.0,0,0.0
94,Restoran Melayu,0,0,0,0.0,0,0.0
103,Borong,31,357,0,4.0,0,3.5
103,Foodcourt,0,0,0,0.0,0,0.0
103,Hypermarket,36,16357,4,28.0,18,30.5
103,Kedai Runcit,36,911,3,5.0,4,6.5
103,Kedai Serbaneka,0,0,0,0.0,0,0.0
103,Medan Selera,0,0,0,0.0,0,0.0
103,Pasar Basah,36,100952,7,28.0,100,128.0
103,Pasar Mini,36,1620,3,5.0,4,7.0
103,Pasar Raya / Supermarket,36,81084,4,28.0,99,112.0
103,Restoran Cina,0,0,0,0.0,0,0.0
103,Restoran India Muslim,0,0,0,0.0,0,0.0
103,Restoran Melayu,0,0,0,0.0,0,0.0
114,Borong,35,1183,0,4.0,0,12.0
114,Foodcourt,0,0,0,0.0,0,0.0
114,Hypermarket,36,123757,24,29.0,126,131.5
114,Kedai Runcit,36,16401,5,25.0,83,115.0
114,Kedai Serbaneka,0,0,0,0.0,0,0.0
114,Medan Selera,0,0,0,0.0,0,0.0
114,Pasar Basah,36,278128,24,29.0,294,298.5
114,Pasar Mini,36,31659,24,28.0,120,175.5
114,Pasar Raya / Supermarket,36,465494,24,29.0,432,488.5
114,Restoran Cina,0,0,0,0.0,0,0.0
114,Restoran India Muslim,0,0,0,0.0,0,0.0
114,Restoran Melayu,0,0,0,0.0,0,0.0
129,Borong,3,6,0,0.0,0,0.0
129,Foodcourt,0,0,0,0.0,0,0.0
129,Hypermarket,36,128972,24,29.0,129,132.5
129,Kedai Runcit,36,34617,5,27.0,198,226.0
129,Kedai Serbaneka,0,0,0,0.0,0,0.0
129,Medan Selera,0,0,0,0.0,0,0.0
129,Pasar Basah,36,266804,24,29.0,279,285.0
129,Pasar Mini,36,42899,24,28.0,177,245.5
129,Pasar Raya / Supermarket,36,483450,24,29.0,447,500.0
129,Restoran Cina,0,0,0,0.0,0,0.0
129,Restoran India Muslim,0,0,0,0.0,0,0.0
129,Restoran Melayu,0,0,0,0.0,0,0.0
193,Borong,0,0,0,0.0,0,0.0
193,Foodcourt,0,0,0,0.0,0,0.0
193,Hypermarket,36,16402,4,6.0,109,116.0
193,Kedai Runcit,36,12780,3,5.0,74,92.0
193,Kedai Serbaneka,0,0,0,0.0,0,0.0
193,Medan Selera,0,0,0,0.0,0,0.0
193,Pasar Basah,36,9224,3,5.0,57,68.0
193,Pasar Mini,36,23757,4,5.0,126,161.5
193,Pasar Raya / Supermarket,36,49389,4,6.5,303,335.5
193,Restoran Cina,0,0,0,0.0,0,0.0
193,Restoran India Muslim,0,0,0,0.0,0,0.0
193,Restoran Melayu,0,0,0,0.0,0,0.0
904,Borong,0,0,0,0.0,0,0.0
904,Foodcourt,0,0,0,0.0,0,0.0
904,Hypermarket,36,41219,4,24.5,69,78.0
904,Kedai Runcit,36,3116,3,5.0,18,24.0
904,Kedai Serbaneka,0,0,0,0.0,0,0.0
904,Medan Selera,0,0,0,0.0,0,0.0
904,Pasar Basah,36,310,3,4.0,1,2.0
904,Pasar Mini,36,9136,4,13.5,39,57.0
904,Pasar Raya / Supermarket,36,95054,4,24.5,158,201.0
904,Restoran Cina,0,0,0,0.0,0,0.0
904,Restoran India Muslim,0,0,0,0.0,0,0.0
904,Restoran Melayu,0,0,0,0.0,0,0.0
917,Borong,0,0,0,0.0,0,0.0
917,Foodcourt,0,0,0,0.0,0,0.0
917,Hypermarket,36,16436,4,5.5,88,123.0
917,Kedai Runcit,36,28710,3,5.0,165,203.5
917,Kedai Serbaneka,0,0,0,0.0,0,0.0
917,Medan Selera,0,0,0,0.0,0,0.0
917,Pasar Basah,36,21926,7,10.0,138,154.0
917,Pasar Mini,36,39418,4,5.5,192,271.0
917,Pasar Raya / Supermarket,36,66119,4,7.0,411,465.5
917,Restoran Cina,0,0,0,0.0,0,0.0
917,Restoran India Muslim,0,0,0,0.0,0,0.0
917,Restoran Melayu,0,0,0,0.0,0,0.0
918,Borong,0,0,0,0.0,0,0.0
918,Foodcourt,0,0,0,0.0,0,0.0
918,Hypermarket,36,14111,3,6.0,24,55.0
918,Kedai Runcit,36,16139,3,6.0,107,135.5
918,Kedai Serbaneka,0,0,0,0.0,0,0.0
918,Medan Selera,0,0,0,0.0,0,0.0
918,Pasar Basah,36,8033,6,9.0,47,67.0
918,Pasar Mini,36,15735,3,6.0,100,133.0
918,Pasar Raya / Supermarket,36,67149,4,6.0,150,277.0
918,Restoran Cina,0,0,0,0.0,0,0.0
918,Restoran India Muslim,0,0,0,0.0,0,0.0
918,Restoran Melayu,0,0,0,0.0,0,0.0
1111,Borong,0,0,0,0.0,0,0.0
1111,Foodcourt,0,0,0,0.0,0,0.0
1111,Hypermarket,36,65841,24,28.5,77,103.5
1111,Kedai Runcit,36,9330,4,13.0,37,73.0
1111,Kedai Serbaneka,0,0,0,0.0,0,0.0
1111,Medan Selera,0,0,0,0.0,0,0.0
1111,Pasar Basah,36,69711,24,29.0,70,106.0
1111,Pasar Mini,36,16405,3,9.0,40,121.5
1111,Pasar Raya / Supermarket,36,199679,24,29.0,222,341.5
1111,Restoran Cina,0,0,0,0.0,0,0.0
1111,Restoran India Muslim,0,0,0,0.0,0,0.0
1111,Restoran Melayu,0,0,0,0.0,0,0.0
1131,Borong,31,689,0,4.0,0,7.0
1131,Foodcourt,0,0,0,0.0,0,0.0
1131,Hypermarket,36,114915,24,29.0,108,129.0
1131,Kedai Runcit,36,26854,5,26.5,138,176.0
1131,Kedai Serbaneka,0,0,0,0.0,0,0.0
1131,Medan Selera,0,0,0,0.0,0,0.0
1131,Pasar Basah,36,223218,24,29.0,229,248.0
1131,Pasar Mini,36,37133,24,28.0,152,212.0
1131,Pasar Raya / Supermarket,36,415943,24,29.0,383,440.0
1131,Restoran Cina,0,0,0,0.0,0,0.0
1131,Restoran India Muslim,0,0,0,0.0,0,0.0
1131,Restoran Melayu,0,0,0,0.0,0,0.0
1431,Borong,31,214,0,3.0,0,2.0
1431,Foodcourt,0,0,0,0.0,0,0.0
1431,Hypermarket,35,1089,0,23.0,0,2.0
1431,Kedai Runcit,1,1,0,0.0,0,0.0
1431,Kedai Serbaneka,0,0,0,0.0,0,0.0
1431,Medan Selera,0,0,0,0.0,0,0.0
1431,Pasar Basah,36,95466,8,28.0,103,138.0
1431,Pasar Mini,25,171,0,4.0,0,1.0
1431,Pasar Raya / Supermarket,36,3039,4,27.5,2,6.0
1431,Restoran Cina,0,0,0,0.0,0,0.0
1431,Restoran India Muslim,0,0,0,0.0,0,0.0
1431,Restoran Melayu,0,0,0,0.0,0,0.0
1555,Borong,33,812,0,4.0,0,8.0
1555,Foodcourt,0,0,0,0.0,0,0.0
1555,Hypermarket,36,97760,24,29.0,110,116.0
1555,Kedai Runcit,36,6273,3,9.5,41,52.5
1555,Kedai Serbaneka,0,0,0,0.0,0,0.0
1555,Medan Selera,0,0,0,0.0,0,0.0
1555,Pasar Basah,36,196601,24,29.0,240,249.0
1555,Pasar Mini,36,14676,24,28.0,54,87.0
1555,Pasar Raya / Supermarket,36,281610,24,29.0,321,364.0
1555,Restoran Cina,0,0,0,0.0,0,0.0
1555,Restoran India Muslim,0,0,0,0.0,0,0.0
1555,Restoran Melayu,0,0,0,0.0,0,0.0
1564,Borong,35,755,0,4.0,0,8.0
1564,Foodcourt,0,0,0,0.0,0,0.0
1564,Hypermarket,36,132652,24,29.0,129,133.5
1564,Kedai Runcit,36,28529,5,27.0,153,181.5
1564,Kedai Serbaneka,0,0,0,0.0,0,0.0
1564,Medan Selera,0,0,0,0.0,0,0.0
1564,Pasar Basah,36,246529,24,29.0,255,264.5
1564,Pasar Mini,36,41710,24,28.0,172,228.0
1564,Pasar Raya / Supermarket,36,481869,24,29.0,437,489.0
1564,Restoran Cina,0,0,0,0.0,0,0.0
1564,Restoran India Muslim,0,0,0,0.0,0,0.0
1564,Restoran Melayu,0,0,0,0.0,0,0.0
1589,Borong,0,0,0,0.0,0,0.0
1589,Foodcourt,0,0,0,0.0,0,0.0
1589,Hypermarket,36,18868,4,6.0,111,129.0
1589,Kedai Runcit,36,36610,3,5.0,187,254.0
1589,Kedai Serbaneka,0,0,0,0.0,0,0.0
1589,Medan Selera,0,0,0,0.0,0,0.0
1589,Pasar Basah,36,19665,7,10.0,103,137.0
1589,Pasar Mini,36,47547,4,6.0,193,316.5
1589,Pasar Raya / Supermarket,36,70083,4,7.5,369,469.0
1589,Restoran Cina,0,0,0,0.0,0,0.0
1589,Restoran India Muslim,0,0,0,0.0,0,0.0
1589,Restoran Melayu,0,0,0,0.0,0,0.0
