month,selected_records,records_without_type
2023-01,172201,0
2023-02,159140,0
2023-03,186489,0
2023-04,161516,0
2023-05,151383,0
2023-06,172747,0
2023-07,188093,0
2023-08,177237,0
2023-09,166250,0
2023-10,188758,0
2023-11,167063,0
2023-12,151333,0
2024-01,187846,0
2024-02,161628,21
2024-03,168238,0
2024-04,189804,0
2024-05,201504,0
2024-06,179903,0
2024-07,197861,0
2024-08,169950,0
2024-09,205110,0
2024-10,207645,0
2024-11,192038,0
2024-12,206061,0
2025-01,205871,0
2025-02,177864,0
2025-03,207995,0
2025-04,191150,0
2025-05,213227,0
2025-06,184864,0
2025-07,234656,0
2025-08,253372,0
2025-09,213458,0
2025-10,244470,0
2025-11,238446,0
2025-12,239910,0
