month,rows,calendar_days,observed_days_in_month,null_dates,missing_days,missing_dates,outside_days,outside_dates
2023-01,2490227,31,29,0,2,"2023-01-22, 2023-01-23",0,
2023-02,2248537,28,27,0,1,2023-02-09,0,
2023-03,2616040,31,31,0,0,,0,
2023-04,2336220,30,26,0,4,"2023-04-21, 2023-04-22, 2023-04-23, 2023-04-24",0,
2023-05,2147504,31,24,0,7,"2023-05-01, 2023-05-04, 2023-05-10, 2023-05-11, 2023-05-12, 2023-05-13, 2023-05-14",0,
2023-06,2414728,30,28,0,2,"2023-06-05, 2023-06-29",0,
2023-07,2678825,31,30,0,1,2023-07-19,0,
2023-08,2485071,31,29,0,2,"2023-08-30, 2023-08-31",0,
2023-09,2381140,30,28,0,2,"2023-09-09, 2023-09-16",0,
2023-10,2742635,31,30,0,1,2023-10-21,0,
2023-11,2388767,30,28,0,2,"2023-11-28, 2023-11-29",0,
2023-12,2170658,31,24,0,7,"2023-12-08, 2023-12-09, 2023-12-10, 2023-12-13, 2023-12-14, 2023-12-15, 2023-12-25",0,
2024-01,2664434,31,31,0,0,,0,
2024-02,2083155,29,28,0,1,2024-02-10,0,
2024-03,2155770,31,28,0,3,"2024-03-01, 2024-03-02, 2024-03-03",0,
2024-04,2432981,30,28,0,2,"2024-04-10, 2024-04-11",0,
2024-05,2593152,31,31,0,0,,0,
2024-06,2223144,30,28,0,2,"2024-06-03, 2024-06-17",0,
2024-07,2606465,31,30,0,1,2024-07-21,0,
2024-08,2110317,31,26,0,5,"2024-08-07, 2024-08-23, 2024-08-24, 2024-08-25, 2024-08-26",0,
2024-09,2702017,30,29,0,1,2024-09-16,0,
2024-10,2640624,31,31,0,0,,0,
2024-11,2466958,30,28,0,2,"2024-11-15, 2024-11-16",0,
2024-12,2567516,31,30,0,1,2024-12-25,0,
2025-01,2662849,31,29,0,2,"2025-01-29, 2025-01-30",0,
2025-02,2229658,28,26,0,2,"2025-02-21, 2025-02-22",0,
2025-03,2615276,31,30,0,1,2025-03-31,0,
2025-04,2367027,30,28,0,2,"2025-04-01, 2025-04-26",0,
2025-05,2727012,31,29,0,2,"2025-05-01, 2025-05-12",0,
2025-06,2333848,30,27,0,3,"2025-06-02, 2025-06-03, 2025-06-07",0,
2025-07,2323499,31,30,0,1,2025-07-22,0,
2025-08,1976201,31,31,0,0,,0,
2025-09,1643623,30,28,0,2,"2025-09-05, 2025-09-16",0,
2025-10,1822288,31,31,0,0,,0,
2025-11,1783107,30,30,0,0,,0,
2025-12,1782274,31,30,0,1,2025-12-25,0,
