month,status,url
2023-01,available,https://storage.data.gov.my/pricecatcher/pricecatcher_2023-01.parquet
2023-02,available,https://storage.data.gov.my/pricecatcher/pricecatcher_2023-02.parquet
2023-03,available,https://storage.data.gov.my/pricecatcher/pricecatcher_2023-03.parquet
2023-04,available,https://storage.data.gov.my/pricecatcher/pricecatcher_2023-04.parquet
2023-05,available,https://storage.data.gov.my/pricecatcher/pricecatcher_2023-05.parquet
2023-06,available,https://storage.data.gov.my/pricecatcher/pricecatcher_2023-06.parquet
2023-07,available,https://storage.data.gov.my/pricecatcher/pricecatcher_2023-07.parquet
2023-08,available,https://storage.data.gov.my/pricecatcher/pricecatcher_2023-08.parquet
2023-09,available,https://storage.data.gov.my/pricecatcher/pricecatcher_2023-09.parquet
2023-10,available,https://storage.data.gov.my/pricecatcher/pricecatcher_2023-10.parquet
2023-11,available,https://storage.data.gov.my/pricecatcher/pricecatcher_2023-11.parquet
2023-12,available,https://storage.data.gov.my/pricecatcher/pricecatcher_2023-12.parquet
2024-01,available,https://storage.data.gov.my/pricecatcher/pricecatcher_2024-01.parquet
2024-02,available,https://storage.data.gov.my/pricecatcher/pricecatcher_2024-02.parquet
2024-03,available,https://storage.data.gov.my/pricecatcher/pricecatcher_2024-03.parquet
2024-04,available,https://storage.data.gov.my/pricecatcher/pricecatcher_2024-04.parquet
2024-05,available,https://storage.data.gov.my/pricecatcher/pricecatcher_2024-05.parquet
2024-06,available,https://storage.data.gov.my/pricecatcher/pricecatcher_2024-06.parquet
2024-07,available,https://storage.data.gov.my/pricecatcher/pricecatcher_2024-07.parquet
2024-08,available,https://storage.data.gov.my/pricecatcher/pricecatcher_2024-08.parquet
2024-09,available,https://storage.data.gov.my/pricecatcher/pricecatcher_2024-09.parquet
2024-10,available,https://storage.data.gov.my/pricecatcher/pricecatcher_2024-10.parquet
2024-11,available,https://storage.data.gov.my/pricecatcher/pricecatcher_2024-11.parquet
2024-12,available,https://storage.data.gov.my/pricecatcher/pricecatcher_2024-12.parquet
2025-01,available,https://storage.data.gov.my/pricecatcher/pricecatcher_2025-01.parquet
2025-02,available,https://storage.data.gov.my/pricecatcher/pricecatcher_2025-02.parquet
2025-03,available,https://storage.data.gov.my/pricecatcher/pricecatcher_2025-03.parquet
2025-04,available,https://storage.data.gov.my/pricecatcher/pricecatcher_2025-04.parquet
2025-05,available,https://storage.data.gov.my/pricecatcher/pricecatcher_2025-05.parquet
2025-06,available,https://storage.data.gov.my/pricecatcher/pricecatcher_2025-06.parquet
2025-07,available,https://storage.data.gov.my/pricecatcher/pricecatcher_2025-07.parquet
2025-08,available,https://storage.data.gov.my/pricecatcher/pricecatcher_2025-08.parquet
2025-09,available,https://storage.data.gov.my/pricecatcher/pricecatcher_2025-09.parquet
2025-10,available,https://storage.data.gov.my/pricecatcher/pricecatcher_2025-10.parquet
2025-11,available,https://storage.data.gov.my/pricecatcher/pricecatcher_2025-11.parquet
2025-12,available,https://storage.data.gov.my/pricecatcher/pricecatcher_2025-12.parquet
