month,status,rows,error
2023-01,downloaded,2490227,
2023-02,downloaded,2248537,
2023-03,downloaded,2616040,
2023-04,downloaded,2336220,
2023-05,downloaded,2147504,
2023-06,downloaded,2414728,
2023-07,downloaded,2678825,
2023-08,downloaded,2485071,
2023-09,downloaded,2381140,
2023-10,downloaded,2742635,
2023-11,downloaded,2388767,
2023-12,downloaded,2170658,
2024-01,downloaded,2664434,
2024-02,downloaded,2083155,
2024-03,downloaded,2155770,
2024-04,downloaded,2432981,
2024-05,downloaded,2593152,
2024-06,downloaded,2223144,
2024-07,downloaded,2606465,
2024-08,downloaded,2110317,
2024-09,downloaded,2702017,
2024-10,downloaded,2640624,
2024-11,downloaded,2466958,
2024-12,downloaded,2567516,
2025-01,downloaded,2662849,
2025-02,downloaded,2229658,
2025-03,downloaded,2615276,
2025-04,downloaded,2367027,
2025-05,downloaded,2727012,
2025-06,downloaded,2333848,
2025-07,downloaded,2323499,
2025-08,downloaded,1976201,
2025-09,downloaded,1643623,
2025-10,downloaded,1822288,
2025-11,downloaded,1783107,
2025-12,downloaded,1782274,
