item_code,premise_code,premise,state,premise_type,flagged_records,first_date,last_date,minimum_price,maximum_price
129,17100,MYDIN WHOLESALE HYPERMARKET KULAI UTAMA,Johor,Hypermarket,8,2024-05-24,2024-05-31,0.99,0.99
129,18063,MYDIN HYPERMARKET MUTIARA RINI,Johor,Hypermarket,8,2024-05-24,2024-05-31,0.99,0.99
129,20786,MYDIN HYPERMARKET TAMAN RINTING,Johor,Hypermarket,8,2024-05-24,2024-05-31,0.99,0.99
129,13715,MYDIN WHOLESALE HYPERMARKET,Kelantan,Hypermarket,8,2024-05-24,2024-05-31,0.99,0.99
129,20731,MYDIN MALL TUNJONG,Kelantan,Hypermarket,7,2024-05-24,2024-05-30,0.99,0.99
129,11222,MYDIN MITC MELAKA,Melaka,Hypermarket,8,2024-05-24,2024-05-31,0.99,0.99
129,16547,MYDIN SEREMBAN 2,Negeri Sembilan,Hypermarket,5,2024-05-24,2024-05-28,0.99,0.99
129,15903,MYDIN MERU RAYA,Perak,Hypermarket,8,2024-05-24,2024-05-31,0.99,0.99
129,20705,MYDIN RTC GOPENG,Perak,Pasar Raya / Supermarket,5,2024-05-24,2024-05-28,0.99,0.99
129,17522,MYDIN MALL BUKIT MERTAJAM,Pulau Pinang,Hypermarket,8,2024-05-24,2024-05-31,0.99,0.99
129,5274,MYDIN USJ,Selangor,Hypermarket,8,2024-05-24,2024-05-31,0.99,0.99
129,18337,MYDIN TAMAN ANGGERIK,Selangor,Pasar Raya / Supermarket,4,2024-05-24,2024-05-31,0.99,0.99
129,5377,MYDIN MALL,Terengganu,Hypermarket,8,2024-05-24,2024-05-31,0.99,0.99
129,18198,MYDIN WHOLESALE HYPERMARKET GONG BADAK,Terengganu,Hypermarket,7,2024-05-25,2024-05-31,0.99,0.99
129,5278,MYDIN BAZAAR PRESINT 15,W.P. Putrajaya,Pasar Raya / Supermarket,8,2024-05-24,2024-05-31,0.99,0.99
1131,17100,MYDIN WHOLESALE HYPERMARKET KULAI UTAMA,Johor,Hypermarket,11,2025-11-01,2025-11-12,0.49,0.49
1131,18063,MYDIN HYPERMARKET MUTIARA RINI,Johor,Hypermarket,12,2025-11-01,2025-11-12,0.49,0.49
1131,20786,MYDIN HYPERMARKET TAMAN RINTING,Johor,Hypermarket,9,2025-11-01,2025-11-13,0.49,0.49
1131,13715,MYDIN WHOLESALE HYPERMARKET,Kelantan,Hypermarket,5,2025-11-02,2025-11-09,0.49,0.49
1131,20731,MYDIN MALL TUNJONG,Kelantan,Hypermarket,11,2025-11-01,2025-11-12,0.49,0.49
1131,11222,MYDIN MITC MELAKA,Melaka,Hypermarket,9,2025-11-01,2025-11-09,0.49,0.49
1131,21517,HYPERMARKET MYDIN PULAU SEBANG,Melaka,Hypermarket,10,2025-11-01,2025-11-12,0.49,0.49
1131,16547,MYDIN SEREMBAN 2,Negeri Sembilan,Hypermarket,12,2025-11-01,2025-11-12,0.49,0.49
1131,20742,MYDIN MALL,Pahang,Pasar Raya / Supermarket,4,2025-11-02,2025-11-05,0.49,0.49
1131,15903,MYDIN MERU RAYA,Perak,Hypermarket,10,2025-11-01,2025-11-12,0.49,0.49
1131,20705,MYDIN RTC GOPENG,Perak,Pasar Raya / Supermarket,10,2025-11-01,2025-11-12,0.49,0.49
1131,17522,MYDIN MALL BUKIT MERTAJAM,Pulau Pinang,Hypermarket,11,2025-11-01,2025-11-12,0.49,0.49
1131,20905,BATARAS HYPERMARKET TAMPARULI,Sabah,Hypermarket,1,2025-11-21,2025-11-21,0.3,0.3
1131,5274,MYDIN USJ,Selangor,Hypermarket,11,2025-11-01,2025-11-12,0.49,0.49
1131,18337,MYDIN TAMAN ANGGERIK,Selangor,Pasar Raya / Supermarket,10,2025-11-01,2025-11-11,0.49,0.49
1131,5377,MYDIN MALL,Terengganu,Hypermarket,10,2025-11-02,2025-11-12,0.49,0.49
1131,18198,MYDIN WHOLESALE HYPERMARKET GONG BADAK,Terengganu,Hypermarket,11,2025-11-01,2025-11-12,0.49,0.49
1131,5278,MYDIN BAZAAR PRESINT 15,W.P. Putrajaya,Pasar Raya / Supermarket,5,2025-11-06,2025-11-12,0.49,0.49
