"month","item_code","item","unit","observations","recorded_days","premises","median_price","mean_price","flagged_records"
"2023-01-01",1,"AYAM BERSIH - STANDARD","1kg",18722,29,808,9.39,9.13,0
"2023-02-01",1,"AYAM BERSIH - STANDARD","1kg",17141,27,806,9.39,9.24,0
"2023-03-01",1,"AYAM BERSIH - STANDARD","1kg",20222,31,809,9.40,9.36,0
"2023-04-01",1,"AYAM BERSIH - STANDARD","1kg",16635,26,795,9.40,9.34,0
"2023-05-01",1,"AYAM BERSIH - STANDARD","1kg",15916,24,790,9.40,9.37,0
"2023-06-01",1,"AYAM BERSIH - STANDARD","1kg",18384,28,791,9.40,9.36,0
"2023-07-01",1,"AYAM BERSIH - STANDARD","1kg",19876,30,808,9.39,9.06,0
"2023-08-01",1,"AYAM BERSIH - STANDARD","1kg",18969,29,811,8.89,8.71,0
"2023-09-01",1,"AYAM BERSIH - STANDARD","1kg",18061,27,807,8.69,8.63,0
"2023-10-01",1,"AYAM BERSIH - STANDARD","1kg",20393,30,812,8.80,8.74,0
"2023-11-01",1,"AYAM BERSIH - STANDARD","1kg",17879,28,814,8.49,8.52,0
"2023-12-01",1,"AYAM BERSIH - STANDARD","1kg",15962,24,802,8.99,9.02,0
"2024-01-01",1,"AYAM BERSIH - STANDARD","1kg",20484,31,816,8.99,9.07,0
"2024-02-01",1,"AYAM BERSIH - STANDARD","1kg",18273,27,862,8.59,8.88,0
"2024-03-01",1,"AYAM BERSIH - STANDARD","1kg",18568,28,885,8.79,9.00,0
"2024-04-01",1,"AYAM BERSIH - STANDARD","1kg",19521,28,890,8.60,8.78,0
"2024-05-01",1,"AYAM BERSIH - STANDARD","1kg",20586,29,896,8.99,9.20,0
"2024-06-01",1,"AYAM BERSIH - STANDARD","1kg",19428,28,898,9.30,9.49,0
"2024-07-01",1,"AYAM BERSIH - STANDARD","1kg",20433,30,911,8.50,8.79,0
"2024-08-01",1,"AYAM BERSIH - STANDARD","1kg",17914,25,920,7.90,8.30,0
"2024-09-01",1,"AYAM BERSIH - STANDARD","1kg",21246,29,923,8.29,8.51,0
"2024-10-01",1,"AYAM BERSIH - STANDARD","1kg",22055,31,930,8.90,9.11,0
"2024-11-01",1,"AYAM BERSIH - STANDARD","1kg",20367,28,923,8.89,9.01,0
"2024-12-01",1,"AYAM BERSIH - STANDARD","1kg",21878,30,927,8.59,8.79,0
"2025-01-01",1,"AYAM BERSIH - STANDARD","1kg",21093,29,920,8.79,8.93,0
"2025-02-01",1,"AYAM BERSIH - STANDARD","1kg",18562,26,928,8.99,9.09,0
"2025-03-01",1,"AYAM BERSIH - STANDARD","1kg",21098,30,930,8.99,9.13,0
"2025-04-01",1,"AYAM BERSIH - STANDARD","1kg",20182,28,929,8.79,8.84,0
"2025-05-01",1,"AYAM BERSIH - STANDARD","1kg",21542,29,932,9.19,9.34,0
"2025-06-01",1,"AYAM BERSIH - STANDARD","1kg",18689,27,934,8.99,8.89,1
"2025-07-01",1,"AYAM BERSIH - STANDARD","1kg",23870,30,1239,7.90,8.35,0
"2025-08-01",1,"AYAM BERSIH - STANDARD","1kg",25907,30,1159,7.79,8.20,0
"2025-09-01",1,"AYAM BERSIH - STANDARD","1kg",22316,27,1153,8.09,8.51,0
"2025-10-01",1,"AYAM BERSIH - STANDARD","1kg",25671,31,1153,8.50,8.79,2
"2025-11-01",1,"AYAM BERSIH - STANDARD","1kg",24656,30,1146,8.90,9.14,0
"2025-12-01",1,"AYAM BERSIH - STANDARD","1kg",25320,30,1145,8.59,8.86,1
"2023-01-01",94,"CILI MERAH - MINYAK","1kg",12588,29,673,13.99,14.64,0
"2023-02-01",94,"CILI MERAH - MINYAK","1kg",11736,27,664,14.99,15.82,0
"2023-03-01",94,"CILI MERAH - MINYAK","1kg",14317,31,666,14.99,15.51,0
"2023-04-01",94,"CILI MERAH - MINYAK","1kg",11410,26,648,15.99,16.27,0
"2023-05-01",94,"CILI MERAH - MINYAK","1kg",11017,24,658,13.99,14.87,0
"2023-06-01",94,"CILI MERAH - MINYAK","1kg",12789,28,651,13.49,14.81,0
"2023-07-01",94,"CILI MERAH - MINYAK","1kg",14482,30,680,13.99,14.92,0
"2023-08-01",94,"CILI MERAH - MINYAK","1kg",14167,29,694,12.99,13.82,0
"2023-09-01",94,"CILI MERAH - MINYAK","1kg",13325,28,691,12.29,13.50,0
"2023-10-01",94,"CILI MERAH - MINYAK","1kg",14402,30,669,12.30,13.53,0
"2023-11-01",94,"CILI MERAH - MINYAK","1kg",12369,28,678,15.90,15.74,1
"2023-12-01",94,"CILI MERAH - MINYAK","1kg",10692,24,661,17.99,18.38,0
"2024-01-01",94,"CILI MERAH - MINYAK","1kg",14440,31,674,17.99,18.08,0
"2024-02-01",94,"CILI MERAH - MINYAK","1kg",13091,27,696,15.99,16.41,0
"2024-03-01",94,"CILI MERAH - MINYAK","1kg",13591,28,740,13.99,14.64,0
"2024-04-01",94,"CILI MERAH - MINYAK","1kg",14070,28,726,11.99,12.77,0
"2024-05-01",94,"CILI MERAH - MINYAK","1kg",15220,30,761,10.99,12.71,0
"2024-06-01",94,"CILI MERAH - MINYAK","1kg",13960,28,758,15.99,16.22,0
"2024-07-01",94,"CILI MERAH - MINYAK","1kg",15632,30,801,15.00,16.03,0
"2024-08-01",94,"CILI MERAH - MINYAK","1kg",14416,25,815,15.99,16.36,0
"2024-09-01",94,"CILI MERAH - MINYAK","1kg",17080,29,831,14.99,15.28,0
"2024-10-01",94,"CILI MERAH - MINYAK","1kg",17467,31,841,13.90,14.15,0
"2024-11-01",94,"CILI MERAH - MINYAK","1kg",15041,28,829,14.00,14.81,0
"2024-12-01",94,"CILI MERAH - MINYAK","1kg",16836,30,834,15.00,15.44,0
"2025-01-01",94,"CILI MERAH - MINYAK","1kg",16814,29,858,14.99,15.01,1
"2025-02-01",94,"CILI MERAH - MINYAK","1kg",14102,26,855,15.00,15.37,0
"2025-03-01",94,"CILI MERAH - MINYAK","1kg",16067,30,836,14.00,14.67,0
"2025-04-01",94,"CILI MERAH - MINYAK","1kg",15594,28,845,12.00,13.31,0
"2025-05-01",94,"CILI MERAH - MINYAK","1kg",17486,29,849,11.00,12.88,0
"2025-06-01",94,"CILI MERAH - MINYAK","1kg",14457,27,864,15.00,15.16,0
"2025-07-01",94,"CILI MERAH - MINYAK","1kg",20130,30,1211,13.99,14.52,1
"2025-08-01",94,"CILI MERAH - MINYAK","1kg",22898,30,1165,13.99,14.60,1
"2025-09-01",94,"CILI MERAH - MINYAK","1kg",19677,27,1142,14.00,14.56,0
"2025-10-01",94,"CILI MERAH - MINYAK","1kg",22006,31,1140,13.99,14.31,0
"2025-11-01",94,"CILI MERAH - MINYAK","1kg",21607,30,1156,13.99,14.49,5
"2025-12-01",94,"CILI MERAH - MINYAK","1kg",21208,30,1161,17.90,17.80,1
"2023-01-01",103,"SANTAN KELAPA SEGAR (BIASA)","1kg",6116,29,264,8.00,8.46,1
"2023-02-01",103,"SANTAN KELAPA SEGAR (BIASA)","1kg",5621,27,264,8.00,8.49,1
"2023-03-01",103,"SANTAN KELAPA SEGAR (BIASA)","1kg",6859,31,276,8.00,8.52,0
"2023-04-01",103,"SANTAN KELAPA SEGAR (BIASA)","1kg",5660,26,286,8.00,8.47,0
"2023-05-01",103,"SANTAN KELAPA SEGAR (BIASA)","1kg",5308,24,285,8.00,8.56,0
"2023-06-01",103,"SANTAN KELAPA SEGAR (BIASA)","1kg",6377,28,281,8.00,8.50,0
"2023-07-01",103,"SANTAN KELAPA SEGAR (BIASA)","1kg",6586,30,281,8.00,8.44,0
"2023-08-01",103,"SANTAN KELAPA SEGAR (BIASA)","1kg",6627,29,278,8.00,8.48,0
"2023-09-01",103,"SANTAN KELAPA SEGAR (BIASA)","1kg",6528,27,287,8.00,8.43,0
"2023-10-01",103,"SANTAN KELAPA SEGAR (BIASA)","1kg",7039,30,284,8.00,8.43,0
"2023-11-01",103,"SANTAN KELAPA SEGAR (BIASA)","1kg",6070,28,275,8.00,8.41,1
"2023-12-01",103,"SANTAN KELAPA SEGAR (BIASA)","1kg",5507,24,271,7.99,8.38,0
"2024-01-01",103,"SANTAN KELAPA SEGAR (BIASA)","1kg",6966,31,273,8.00,8.39,0
"2024-02-01",103,"SANTAN KELAPA SEGAR (BIASA)","1kg",5839,27,282,8.00,8.42,0
"2024-03-01",103,"SANTAN KELAPA SEGAR (BIASA)","1kg",6102,28,286,8.00,8.46,0
"2024-04-01",103,"SANTAN KELAPA SEGAR (BIASA)","1kg",6172,28,293,8.00,8.53,0
"2024-05-01",103,"SANTAN KELAPA SEGAR (BIASA)","1kg",6773,29,301,8.00,8.58,0
"2024-06-01",103,"SANTAN KELAPA SEGAR (BIASA)","1kg",6532,28,291,8.00,8.56,0
"2024-07-01",103,"SANTAN KELAPA SEGAR (BIASA)","1kg",7128,29,332,8.00,8.63,0
"2024-08-01",103,"SANTAN KELAPA SEGAR (BIASA)","1kg",6639,26,333,8.00,8.72,0
"2024-09-01",103,"SANTAN KELAPA SEGAR (BIASA)","1kg",7675,29,330,8.00,8.67,0
"2024-10-01",103,"SANTAN KELAPA SEGAR (BIASA)","1kg",7654,31,316,8.00,8.72,1
"2024-11-01",103,"SANTAN KELAPA SEGAR (BIASA)","1kg",5874,28,295,8.00,9.13,1
"2024-12-01",103,"SANTAN KELAPA SEGAR (BIASA)","1kg",6030,30,269,9.00,9.69,1
"2025-01-01",103,"SANTAN KELAPA SEGAR (BIASA)","1kg",6013,29,281,9.20,10.00,1
"2025-02-01",103,"SANTAN KELAPA SEGAR (BIASA)","1kg",5055,26,272,9.95,10.46,0
"2025-03-01",103,"SANTAN KELAPA SEGAR (BIASA)","1kg",6196,30,306,10.00,10.86,0
"2025-04-01",103,"SANTAN KELAPA SEGAR (BIASA)","1kg",5608,28,299,10.36,11.53,0
"2025-05-01",103,"SANTAN KELAPA SEGAR (BIASA)","1kg",6963,29,323,10.00,11.48,1
"2025-06-01",103,"SANTAN KELAPA SEGAR (BIASA)","1kg",6466,26,318,10.36,11.46,0
"2025-07-01",103,"SANTAN KELAPA SEGAR (BIASA)","1kg",5121,21,377,10.50,11.39,0
"2025-08-01",103,"SANTAN KELAPA SEGAR (BIASA)","1kg",1488,10,361,10.38,11.12,0
"2025-09-01",103,"SANTAN KELAPA SEGAR (BIASA)","1kg",1181,8,340,10.38,11.09,0
"2025-10-01",103,"SANTAN KELAPA SEGAR (BIASA)","1kg",1170,7,338,10.36,11.09,0
"2025-11-01",103,"SANTAN KELAPA SEGAR (BIASA)","1kg",1154,9,324,10.38,11.10,0
"2025-12-01",103,"SANTAN KELAPA SEGAR (BIASA)","1kg",1184,9,328,10.36,10.96,0
"2023-01-01",114,"TOMATO","1kg",22885,29,1091,8.00,8.00,0
"2023-02-01",114,"TOMATO","1kg",20556,27,1075,8.00,8.62,0
"2023-03-01",114,"TOMATO","1kg",25031,31,1085,8.00,8.37,1
"2023-04-01",114,"TOMATO","1kg",21029,26,1103,6.00,6.26,8
"2023-05-01",114,"TOMATO","1kg",20596,24,1111,3.99,4.40,1
"2023-06-01",114,"TOMATO","1kg",23726,28,1123,4.50,4.81,0
"2023-07-01",114,"TOMATO","1kg",25142,30,1118,6.49,6.53,0
"2023-08-01",114,"TOMATO","1kg",23941,29,1106,6.00,6.31,0
"2023-09-01",114,"TOMATO","1kg",22430,28,1093,6.50,6.57,0
"2023-10-01",114,"TOMATO","1kg",25013,30,1101,5.90,6.06,0
"2023-11-01",114,"TOMATO","1kg",22172,28,1101,5.90,5.83,1
"2023-12-01",114,"TOMATO","1kg",19960,24,1085,6.00,6.17,5
"2024-01-01",114,"TOMATO","1kg",25478,31,1102,7.50,7.52,0
"2024-02-01",114,"TOMATO","1kg",22315,28,1158,7.90,7.77,0
"2024-03-01",114,"TOMATO","1kg",23094,28,1175,5.00,5.56,9
"2024-04-01",114,"TOMATO","1kg",24777,28,1197,3.89,4.20,12
"2024-05-01",114,"TOMATO","1kg",26321,30,1222,3.90,4.15,9
"2024-06-01",114,"TOMATO","1kg",24221,28,1210,6.99,6.86,0
"2024-07-01",114,"TOMATO","1kg",25268,30,1220,6.99,7.07,0
"2024-08-01",114,"TOMATO","1kg",22773,26,1225,4.49,5.05,0
"2024-09-01",114,"TOMATO","1kg",26640,29,1245,4.00,4.57,10
"2024-10-01",114,"TOMATO","1kg",27445,31,1245,4.49,4.81,0
"2024-11-01",114,"TOMATO","1kg",24966,28,1248,4.50,4.76,4
"2024-12-01",114,"TOMATO","1kg",26281,30,1246,5.69,5.78,14
"2025-01-01",114,"TOMATO","1kg",25564,29,1246,7.99,8.03,2
"2025-02-01",114,"TOMATO","1kg",22582,26,1248,7.00,7.32,0
"2025-03-01",114,"TOMATO","1kg",26491,30,1275,6.50,7.07,2
"2025-04-01",114,"TOMATO","1kg",25127,28,1271,5.00,5.14,2
"2025-05-01",114,"TOMATO","1kg",27362,29,1278,4.29,4.89,1
"2025-06-01",114,"TOMATO","1kg",24006,27,1292,3.99,4.60,0
"2025-07-01",114,"TOMATO","1kg",31110,30,1754,4.69,4.93,2
"2025-08-01",114,"TOMATO","1kg",34212,30,1655,4.59,4.98,1
"2025-09-01",114,"TOMATO","1kg",29130,28,1625,4.59,5.07,2
"2025-10-01",114,"TOMATO","1kg",33390,31,1631,4.99,5.08,29
"2025-11-01",114,"TOMATO","1kg",32531,30,1628,4.99,5.16,8
"2025-12-01",114,"TOMATO","1kg",33060,30,1625,6.00,6.46,3
"2023-01-01",129,"BAWANG BESAR KUNING/HOLLAND","1kg",24797,29,1273,4.85,4.76,2
"2023-02-01",129,"BAWANG BESAR KUNING/HOLLAND","1kg",22991,27,1259,4.90,4.81,1
"2023-03-01",129,"BAWANG BESAR KUNING/HOLLAND","1kg",27080,31,1259,4.99,4.98,0
"2023-04-01",129,"BAWANG BESAR KUNING/HOLLAND","1kg",22138,26,1253,5.00,5.02,0
"2023-05-01",129,"BAWANG BESAR KUNING/HOLLAND","1kg",19629,24,1245,5.00,5.50,0
"2023-06-01",129,"BAWANG BESAR KUNING/HOLLAND","1kg",23700,28,1241,5.99,5.83,0
"2023-07-01",129,"BAWANG BESAR KUNING/HOLLAND","1kg",26066,30,1248,5.99,5.81,0
"2023-08-01",129,"BAWANG BESAR KUNING/HOLLAND","1kg",24775,29,1245,5.90,5.53,0
"2023-09-01",129,"BAWANG BESAR KUNING/HOLLAND","1kg",22975,28,1238,5.80,5.45,0
"2023-10-01",129,"BAWANG BESAR KUNING/HOLLAND","1kg",26058,30,1247,5.49,5.25,1
"2023-11-01",129,"BAWANG BESAR KUNING/HOLLAND","1kg",23322,28,1247,5.00,5.18,0
"2023-12-01",129,"BAWANG BESAR KUNING/HOLLAND","1kg",20559,24,1258,5.00,5.05,2
"2024-01-01",129,"BAWANG BESAR KUNING/HOLLAND","1kg",26085,31,1252,5.00,5.13,0
"2024-02-01",129,"BAWANG BESAR KUNING/HOLLAND","1kg",22808,28,1309,5.00,5.16,0
"2024-03-01",129,"BAWANG BESAR KUNING/HOLLAND","1kg",23032,28,1338,5.00,5.33,0
"2024-04-01",129,"BAWANG BESAR KUNING/HOLLAND","1kg",25468,28,1362,5.00,5.09,0
"2024-05-01",129,"BAWANG BESAR KUNING/HOLLAND","1kg",27167,30,1379,5.00,5.25,108
"2024-06-01",129,"BAWANG BESAR KUNING/HOLLAND","1kg",24749,28,1378,5.00,5.29,31
"2024-07-01",129,"BAWANG BESAR KUNING/HOLLAND","1kg",26838,30,1395,5.00,5.17,0
"2024-08-01",129,"BAWANG BESAR KUNING/HOLLAND","1kg",23388,26,1394,4.99,4.98,2
"2024-09-01",129,"BAWANG BESAR KUNING/HOLLAND","1kg",27841,29,1396,4.99,4.76,0
"2024-10-01",129,"BAWANG BESAR KUNING/HOLLAND","1kg",28065,31,1399,4.90,4.66,0
"2024-11-01",129,"BAWANG BESAR KUNING/HOLLAND","1kg",26461,28,1422,4.50,4.52,0
"2024-12-01",129,"BAWANG BESAR KUNING/HOLLAND","1kg",28318,30,1417,4.00,4.29,1
"2025-01-01",129,"BAWANG BESAR KUNING/HOLLAND","1kg",27635,29,1423,3.99,4.22,0
"2025-02-01",129,"BAWANG BESAR KUNING/HOLLAND","1kg",24223,26,1431,3.99,4.20,1
"2025-03-01",129,"BAWANG BESAR KUNING/HOLLAND","1kg",28174,30,1457,3.99,4.08,0
"2025-04-01",129,"BAWANG BESAR KUNING/HOLLAND","1kg",26447,28,1443,3.99,3.98,0
"2025-05-01",129,"BAWANG BESAR KUNING/HOLLAND","1kg",28487,29,1441,3.99,4.03,0
"2025-06-01",129,"BAWANG BESAR KUNING/HOLLAND","1kg",24724,27,1449,3.99,4.11,1
"2025-07-01",129,"BAWANG BESAR KUNING/HOLLAND","1kg",32341,30,2026,3.99,4.11,1
"2025-08-01",129,"BAWANG BESAR KUNING/HOLLAND","1kg",36004,31,1919,3.99,3.98,0
"2025-09-01",129,"BAWANG BESAR KUNING/HOLLAND","1kg",30680,28,1874,3.99,3.88,1
"2025-10-01",129,"BAWANG BESAR KUNING/HOLLAND","1kg",35178,31,1883,3.90,3.79,2
"2025-11-01",129,"BAWANG BESAR KUNING/HOLLAND","1kg",34007,30,1889,3.50,3.77,2
"2025-12-01",129,"BAWANG BESAR KUNING/HOLLAND","1kg",34541,30,1890,3.50,3.66,5
"2023-01-01",193,"SARDIN CAP KING CUP (SOS TOMATO)","425 g",3103,10,708,8.90,8.83,0
"2023-02-01",193,"SARDIN CAP KING CUP (SOS TOMATO)","425 g",2574,9,704,8.90,8.87,0
"2023-03-01",193,"SARDIN CAP KING CUP (SOS TOMATO)","425 g",2558,8,691,8.90,8.88,0
"2023-04-01",193,"SARDIN CAP KING CUP (SOS TOMATO)","425 g",3250,12,703,8.90,8.93,0
"2023-05-01",193,"SARDIN CAP KING CUP (SOS TOMATO)","425 g",2695,12,702,8.90,8.93,0
"2023-06-01",193,"SARDIN CAP KING CUP (SOS TOMATO)","425 g",2550,8,713,8.90,8.89,0
"2023-07-01",193,"SARDIN CAP KING CUP (SOS TOMATO)","425 g",3263,11,714,8.90,8.91,0
"2023-08-01",193,"SARDIN CAP KING CUP (SOS TOMATO)","425 g",2650,9,702,8.90,8.95,0
"2023-09-01",193,"SARDIN CAP KING CUP (SOS TOMATO)","425 g",2626,9,711,8.90,8.94,0
"2023-10-01",193,"SARDIN CAP KING CUP (SOS TOMATO)","425 g",3290,14,713,8.90,8.92,0
"2023-11-01",193,"SARDIN CAP KING CUP (SOS TOMATO)","425 g",2654,12,704,8.90,8.91,0
"2023-12-01",193,"SARDIN CAP KING CUP (SOS TOMATO)","425 g",2672,14,713,8.90,8.87,0
"2024-01-01",193,"SARDIN CAP KING CUP (SOS TOMATO)","425 g",3307,16,718,8.90,8.87,0
"2024-02-01",193,"SARDIN CAP KING CUP (SOS TOMATO)","425 g",2726,9,746,8.90,8.88,0
"2024-03-01",193,"SARDIN CAP KING CUP (SOS TOMATO)","425 g",2806,9,762,8.90,8.90,0
"2024-04-01",193,"SARDIN CAP KING CUP (SOS TOMATO)","425 g",3494,13,773,8.90,8.89,0
"2024-05-01",193,"SARDIN CAP KING CUP (SOS TOMATO)","425 g",3642,15,787,8.90,8.91,0
"2024-06-01",193,"SARDIN CAP KING CUP (SOS TOMATO)","425 g",2183,7,763,8.90,8.91,0
"2024-07-01",193,"SARDIN CAP KING CUP (SOS TOMATO)","425 g",3638,9,797,8.90,8.91,0
"2024-08-01",193,"SARDIN CAP KING CUP (SOS TOMATO)","425 g",2249,6,779,8.90,8.92,0
"2024-09-01",193,"SARDIN CAP KING CUP (SOS TOMATO)","425 g",3701,10,800,8.90,8.94,0
"2024-10-01",193,"SARDIN CAP KING CUP (SOS TOMATO)","425 g",2943,7,786,8.90,8.95,0
"2024-11-01",193,"SARDIN CAP KING CUP (SOS TOMATO)","425 g",2943,4,800,8.90,8.96,1
"2024-12-01",193,"SARDIN CAP KING CUP (SOS TOMATO)","425 g",2953,8,795,8.90,8.95,0
"2025-01-01",193,"SARDIN CAP KING CUP (SOS TOMATO)","425 g",3547,9,781,8.90,8.95,0
"2025-02-01",193,"SARDIN CAP KING CUP (SOS TOMATO)","425 g",2853,5,767,8.90,8.98,0
"2025-03-01",193,"SARDIN CAP KING CUP (SOS TOMATO)","425 g",3527,6,790,8.95,9.03,0
"2025-04-01",193,"SARDIN CAP KING CUP (SOS TOMATO)","425 g",2753,5,770,9.00,9.38,1
"2025-05-01",193,"SARDIN CAP KING CUP (SOS TOMATO)","425 g",3432,8,782,9.10,9.15,0
"2025-06-01",193,"SARDIN CAP KING CUP (SOS TOMATO)","425 g",2806,8,765,9.20,9.22,0
"2025-07-01",193,"SARDIN CAP KING CUP (SOS TOMATO)","425 g",3233,8,1017,9.20,9.23,0
"2025-08-01",193,"SARDIN CAP KING CUP (SOS TOMATO)","425 g",4487,6,975,9.20,9.27,0
"2025-09-01",193,"SARDIN CAP KING CUP (SOS TOMATO)","425 g",3499,6,973,9.20,9.29,0
"2025-10-01",193,"SARDIN CAP KING CUP (SOS TOMATO)","425 g",3571,5,969,9.20,9.30,0
"2025-11-01",193,"SARDIN CAP KING CUP (SOS TOMATO)","425 g",3646,4,995,9.20,9.30,0
"2025-12-01",193,"SARDIN CAP KING CUP (SOS TOMATO)","425 g",3728,6,994,9.20,9.31,0
"2023-01-01",904,"BERAS SUPER CAP RAMBUTAN 5% (IMPORT)","10 kg",1429,7,346,29.39,29.64,0
"2023-02-01",904,"BERAS SUPER CAP RAMBUTAN 5% (IMPORT)","10 kg",1137,10,335,29.90,29.75,0
"2023-03-01",904,"BERAS SUPER CAP RAMBUTAN 5% (IMPORT)","10 kg",1120,9,328,29.99,29.98,0
"2023-04-01",904,"BERAS SUPER CAP RAMBUTAN 5% (IMPORT)","10 kg",1385,8,325,29.90,29.85,0
"2023-05-01",904,"BERAS SUPER CAP RAMBUTAN 5% (IMPORT)","10 kg",1111,10,326,29.99,30.36,0
"2023-06-01",904,"BERAS SUPER CAP RAMBUTAN 5% (IMPORT)","10 kg",1145,5,341,30.80,30.98,0
"2023-07-01",904,"BERAS SUPER CAP RAMBUTAN 5% (IMPORT)","10 kg",1242,8,337,32.00,32.39,0
"2023-08-01",904,"BERAS SUPER CAP RAMBUTAN 5% (IMPORT)","10 kg",1116,7,338,33.03,33.46,0
"2023-09-01",904,"BERAS SUPER CAP RAMBUTAN 5% (IMPORT)","10 kg",2108,18,364,40.90,39.38,0
"2023-10-01",904,"BERAS SUPER CAP RAMBUTAN 5% (IMPORT)","10 kg",5885,30,351,43.50,43.60,0
"2023-11-01",904,"BERAS SUPER CAP RAMBUTAN 5% (IMPORT)","10 kg",6155,27,346,42.90,42.74,0
"2023-12-01",904,"BERAS SUPER CAP RAMBUTAN 5% (IMPORT)","10 kg",5005,24,330,42.19,42.30,0
"2024-01-01",904,"BERAS SUPER CAP RAMBUTAN 5% (IMPORT)","10 kg",1291,11,307,40.99,41.59,0
"2024-02-01",904,"BERAS SUPER CAP RAMBUTAN 5% (IMPORT)","10 kg",1026,5,313,40.99,41.76,0
"2024-03-01",904,"BERAS SUPER CAP RAMBUTAN 5% (IMPORT)","10 kg",1001,4,309,40.00,40.93,0
"2024-04-01",904,"BERAS SUPER CAP RAMBUTAN 5% (IMPORT)","10 kg",6422,28,361,39.99,40.46,0
"2024-05-01",904,"BERAS SUPER CAP RAMBUTAN 5% (IMPORT)","10 kg",6821,29,359,40.19,40.70,0
"2024-06-01",904,"BERAS SUPER CAP RAMBUTAN 5% (IMPORT)","10 kg",6429,28,363,39.99,40.57,0
"2024-07-01",904,"BERAS SUPER CAP RAMBUTAN 5% (IMPORT)","10 kg",7038,29,367,39.99,40.61,0
"2024-08-01",904,"BERAS SUPER CAP RAMBUTAN 5% (IMPORT)","10 kg",6033,25,362,39.99,40.45,0
"2024-09-01",904,"BERAS SUPER CAP RAMBUTAN 5% (IMPORT)","10 kg",7163,29,370,39.99,40.22,0
"2024-10-01",904,"BERAS SUPER CAP RAMBUTAN 5% (IMPORT)","10 kg",7727,30,373,39.99,40.58,0
"2024-11-01",904,"BERAS SUPER CAP RAMBUTAN 5% (IMPORT)","10 kg",6920,28,362,39.99,40.03,0
"2024-12-01",904,"BERAS SUPER CAP RAMBUTAN 5% (IMPORT)","10 kg",7372,30,371,39.90,39.78,0
"2025-01-01",904,"BERAS SUPER CAP RAMBUTAN 5% (IMPORT)","10 kg",7167,29,366,38.88,39.78,1
"2025-02-01",904,"BERAS SUPER CAP RAMBUTAN 5% (IMPORT)","10 kg",6093,26,366,38.99,39.78,0
"2025-03-01",904,"BERAS SUPER CAP RAMBUTAN 5% (IMPORT)","10 kg",6940,30,366,38.90,38.88,0
"2025-04-01",904,"BERAS SUPER CAP RAMBUTAN 5% (IMPORT)","10 kg",6454,28,371,37.99,39.07,0
"2025-05-01",904,"BERAS SUPER CAP RAMBUTAN 5% (IMPORT)","10 kg",7127,29,370,38.49,39.04,1
"2025-06-01",904,"BERAS SUPER CAP RAMBUTAN 5% (IMPORT)","10 kg",6335,26,375,37.59,37.59,1
"2025-07-01",904,"BERAS SUPER CAP RAMBUTAN 5% (IMPORT)","10 kg",6354,30,494,36.50,36.83,0
"2025-08-01",904,"BERAS SUPER CAP RAMBUTAN 5% (IMPORT)","10 kg",2024,18,460,36.50,36.79,0
"2025-09-01",904,"BERAS SUPER CAP RAMBUTAN 5% (IMPORT)","10 kg",1476,9,449,36.50,36.73,0
"2025-10-01",904,"BERAS SUPER CAP RAMBUTAN 5% (IMPORT)","10 kg",1556,10,439,36.00,36.66,0
"2025-11-01",904,"BERAS SUPER CAP RAMBUTAN 5% (IMPORT)","10 kg",1629,9,459,36.00,36.57,0
"2025-12-01",904,"BERAS SUPER CAP RAMBUTAN 5% (IMPORT)","10 kg",1599,17,452,36.10,36.52,0
"2023-01-01",917,"TEPUNG GANDUM NGP (BERBUNGKUS, CAP SAUH)","1kg",4515,13,1034,3.70,3.68,0
"2023-02-01",917,"TEPUNG GANDUM NGP (BERBUNGKUS, CAP SAUH)","1kg",3702,12,1031,3.70,3.69,0
"2023-03-01",917,"TEPUNG GANDUM NGP (BERBUNGKUS, CAP SAUH)","1kg",3765,16,1022,3.70,3.68,0
"2023-04-01",917,"TEPUNG GANDUM NGP (BERBUNGKUS, CAP SAUH)","1kg",4625,15,1018,3.65,3.67,0
"2023-05-01",917,"TEPUNG GANDUM NGP (BERBUNGKUS, CAP SAUH)","1kg",3847,16,1029,3.70,3.67,0
"2023-06-01",917,"TEPUNG GANDUM NGP (BERBUNGKUS, CAP SAUH)","1kg",3792,11,1032,3.60,3.64,0
"2023-07-01",917,"TEPUNG GANDUM NGP (BERBUNGKUS, CAP SAUH)","1kg",4719,17,1042,3.60,3.62,0
"2023-08-01",917,"TEPUNG GANDUM NGP (BERBUNGKUS, CAP SAUH)","1kg",3822,14,1046,3.60,3.60,0
"2023-09-01",917,"TEPUNG GANDUM NGP (BERBUNGKUS, CAP SAUH)","1kg",3792,14,1050,3.60,3.58,1
"2023-10-01",917,"TEPUNG GANDUM NGP (BERBUNGKUS, CAP SAUH)","1kg",4886,13,1087,3.59,3.58,0
"2023-11-01",917,"TEPUNG GANDUM NGP (BERBUNGKUS, CAP SAUH)","1kg",3959,15,1089,3.50,3.55,0
"2023-12-01",917,"TEPUNG GANDUM NGP (BERBUNGKUS, CAP SAUH)","1kg",3922,16,1071,3.50,3.53,0
"2024-01-01",917,"TEPUNG GANDUM NGP (BERBUNGKUS, CAP SAUH)","1kg",4699,21,1078,3.50,3.50,0
"2024-02-01",917,"TEPUNG GANDUM NGP (BERBUNGKUS, CAP SAUH)","1kg",4035,12,1134,3.50,3.49,0
"2024-03-01",917,"TEPUNG GANDUM NGP (BERBUNGKUS, CAP SAUH)","1kg",4123,14,1181,3.50,3.49,0
"2024-04-01",917,"TEPUNG GANDUM NGP (BERBUNGKUS, CAP SAUH)","1kg",5550,16,1218,3.50,3.48,0
"2024-05-01",917,"TEPUNG GANDUM NGP (BERBUNGKUS, CAP SAUH)","1kg",5717,21,1251,3.50,3.49,0
"2024-06-01",917,"TEPUNG GANDUM NGP (BERBUNGKUS, CAP SAUH)","1kg",3410,11,1202,3.50,3.48,0
"2024-07-01",917,"TEPUNG GANDUM NGP (BERBUNGKUS, CAP SAUH)","1kg",5577,14,1240,3.50,3.47,1
"2024-08-01",917,"TEPUNG GANDUM NGP (BERBUNGKUS, CAP SAUH)","1kg",3394,11,1213,3.50,3.47,0
"2024-09-01",917,"TEPUNG GANDUM NGP (BERBUNGKUS, CAP SAUH)","1kg",5510,17,1224,3.40,3.44,0
"2024-10-01",917,"TEPUNG GANDUM NGP (BERBUNGKUS, CAP SAUH)","1kg",4507,11,1221,3.40,3.44,0
"2024-11-01",917,"TEPUNG GANDUM NGP (BERBUNGKUS, CAP SAUH)","1kg",4553,9,1243,3.45,3.44,0
"2024-12-01",917,"TEPUNG GANDUM NGP (BERBUNGKUS, CAP SAUH)","1kg",4538,10,1238,3.40,3.43,0
"2025-01-01",917,"TEPUNG GANDUM NGP (BERBUNGKUS, CAP SAUH)","1kg",5607,13,1240,3.40,3.48,1
"2025-02-01",917,"TEPUNG GANDUM NGP (BERBUNGKUS, CAP SAUH)","1kg",4553,11,1225,3.40,3.42,1
"2025-03-01",917,"TEPUNG GANDUM NGP (BERBUNGKUS, CAP SAUH)","1kg",5527,13,1257,3.30,3.39,0
"2025-04-01",917,"TEPUNG GANDUM NGP (BERBUNGKUS, CAP SAUH)","1kg",4527,10,1240,3.30,3.39,0
"2025-05-01",917,"TEPUNG GANDUM NGP (BERBUNGKUS, CAP SAUH)","1kg",5699,11,1269,3.30,3.39,0
"2025-06-01",917,"TEPUNG GANDUM NGP (BERBUNGKUS, CAP SAUH)","1kg",4515,10,1258,3.30,3.37,0
"2025-07-01",917,"TEPUNG GANDUM NGP (BERBUNGKUS, CAP SAUH)","1kg",5441,10,1776,3.30,3.36,1
"2025-08-01",917,"TEPUNG GANDUM NGP (BERBUNGKUS, CAP SAUH)","1kg",7635,12,1714,3.30,3.34,0
"2025-09-01",917,"TEPUNG GANDUM NGP (BERBUNGKUS, CAP SAUH)","1kg",5897,10,1657,3.30,3.34,0
"2025-10-01",917,"TEPUNG GANDUM NGP (BERBUNGKUS, CAP SAUH)","1kg",6017,8,1671,3.30,3.32,0
"2025-11-01",917,"TEPUNG GANDUM NGP (BERBUNGKUS, CAP SAUH)","1kg",6169,11,1688,3.29,3.32,0
"2025-12-01",917,"TEPUNG GANDUM NGP (BERBUNGKUS, CAP SAUH)","1kg",6065,11,1672,3.29,3.31,0
"2023-01-01",918,"MINYAK MASAK PAKET (PELBAGAI JENAMA)","1kg",6198,29,775,2.50,2.50,0
"2023-02-01",918,"MINYAK MASAK PAKET (PELBAGAI JENAMA)","1kg",6418,27,773,2.50,2.50,0
"2023-03-01",918,"MINYAK MASAK PAKET (PELBAGAI JENAMA)","1kg",7721,31,793,2.50,2.50,0
"2023-04-01",918,"MINYAK MASAK PAKET (PELBAGAI JENAMA)","1kg",6911,26,800,2.50,2.50,0
"2023-05-01",918,"MINYAK MASAK PAKET (PELBAGAI JENAMA)","1kg",6951,24,826,2.50,2.50,0
"2023-06-01",918,"MINYAK MASAK PAKET (PELBAGAI JENAMA)","1kg",7785,28,832,2.50,2.50,0
"2023-07-01",918,"MINYAK MASAK PAKET (PELBAGAI JENAMA)","1kg",7963,30,833,2.50,2.50,0
"2023-08-01",918,"MINYAK MASAK PAKET (PELBAGAI JENAMA)","1kg",6752,29,783,2.50,2.50,0
"2023-09-01",918,"MINYAK MASAK PAKET (PELBAGAI JENAMA)","1kg",5184,27,704,2.50,2.50,0
"2023-10-01",918,"MINYAK MASAK PAKET (PELBAGAI JENAMA)","1kg",5661,30,710,2.50,2.50,0
"2023-11-01",918,"MINYAK MASAK PAKET (PELBAGAI JENAMA)","1kg",4605,28,662,2.50,2.50,0
"2023-12-01",918,"MINYAK MASAK PAKET (PELBAGAI JENAMA)","1kg",4368,24,640,2.50,2.50,0
"2024-01-01",918,"MINYAK MASAK PAKET (PELBAGAI JENAMA)","1kg",4045,31,643,2.50,2.51,4
"2024-02-01",918,"MINYAK MASAK PAKET (PELBAGAI JENAMA)","1kg",1298,17,483,2.50,2.55,4
"2024-03-01",918,"MINYAK MASAK PAKET (PELBAGAI JENAMA)","1kg",1351,10,495,2.50,2.52,2
"2024-04-01",918,"MINYAK MASAK PAKET (PELBAGAI JENAMA)","1kg",1782,11,528,2.50,2.53,3
"2024-05-01",918,"MINYAK MASAK PAKET (PELBAGAI JENAMA)","1kg",2041,14,610,2.50,2.51,1
"2024-06-01",918,"MINYAK MASAK PAKET (PELBAGAI JENAMA)","1kg",1157,7,517,2.50,2.50,0
"2024-07-01",918,"MINYAK MASAK PAKET (PELBAGAI JENAMA)","1kg",1984,9,598,2.50,2.51,1
"2024-08-01",918,"MINYAK MASAK PAKET (PELBAGAI JENAMA)","1kg",1080,10,498,2.50,2.50,0
"2024-09-01",918,"MINYAK MASAK PAKET (PELBAGAI JENAMA)","1kg",1717,13,566,2.50,2.50,0
"2024-10-01",918,"MINYAK MASAK PAKET (PELBAGAI JENAMA)","1kg",1370,9,509,2.50,2.50,0
"2024-11-01",918,"MINYAK MASAK PAKET (PELBAGAI JENAMA)","1kg",1228,9,486,2.50,2.50,0
"2024-12-01",918,"MINYAK MASAK PAKET (PELBAGAI JENAMA)","1kg",1238,8,487,2.50,2.50,0
"2025-01-01",918,"MINYAK MASAK PAKET (PELBAGAI JENAMA)","1kg",1643,11,559,2.50,2.50,0
"2025-02-01",918,"MINYAK MASAK PAKET (PELBAGAI JENAMA)","1kg",1234,9,486,2.50,2.50,0
"2025-03-01",918,"MINYAK MASAK PAKET (PELBAGAI JENAMA)","1kg",1777,10,577,2.50,2.50,0
"2025-04-01",918,"MINYAK MASAK PAKET (PELBAGAI JENAMA)","1kg",1482,10,532,2.50,2.50,0
"2025-05-01",918,"MINYAK MASAK PAKET (PELBAGAI JENAMA)","1kg",2118,9,646,2.50,2.50,0
"2025-06-01",918,"MINYAK MASAK PAKET (PELBAGAI JENAMA)","1kg",1704,10,633,2.50,2.50,0
"2025-07-01",918,"MINYAK MASAK PAKET (PELBAGAI JENAMA)","1kg",2105,10,858,2.50,2.50,0
"2025-08-01",918,"MINYAK MASAK PAKET (PELBAGAI JENAMA)","1kg",2908,11,904,2.50,2.50,0
"2025-09-01",918,"MINYAK MASAK PAKET (PELBAGAI JENAMA)","1kg",2201,8,795,2.50,2.51,1
"2025-10-01",918,"MINYAK MASAK PAKET (PELBAGAI JENAMA)","1kg",2406,8,838,2.50,2.50,0
"2025-11-01",918,"MINYAK MASAK PAKET (PELBAGAI JENAMA)","1kg",2331,10,844,2.50,2.50,0
"2025-12-01",918,"MINYAK MASAK PAKET (PELBAGAI JENAMA)","1kg",2450,10,868,2.50,2.50,0
"2023-01-01",1111,"TELUR AYAM GRED C","30 biji",2853,29,450,12.30,12.63,0
"2023-02-01",1111,"TELUR AYAM GRED C","30 biji",3808,27,492,12.30,12.56,0
"2023-03-01",1111,"TELUR AYAM GRED C","30 biji",5275,31,516,12.30,12.46,0
"2023-04-01",1111,"TELUR AYAM GRED C","30 biji",6270,26,567,12.30,12.41,0
"2023-05-01",1111,"TELUR AYAM GRED C","30 biji",7235,24,620,12.30,12.41,0
"2023-06-01",1111,"TELUR AYAM GRED C","30 biji",7945,28,628,12.30,12.44,0
"2023-07-01",1111,"TELUR AYAM GRED C","30 biji",7635,30,624,12.30,12.52,0
"2023-08-01",1111,"TELUR AYAM GRED C","30 biji",6300,29,594,12.30,12.57,0
"2023-09-01",1111,"TELUR AYAM GRED C","30 biji",4748,27,542,12.30,12.57,0
"2023-10-01",1111,"TELUR AYAM GRED C","30 biji",5360,30,538,12.30,12.49,0
"2023-11-01",1111,"TELUR AYAM GRED C","30 biji",5290,28,527,12.30,12.45,0
"2023-12-01",1111,"TELUR AYAM GRED C","30 biji",5122,24,542,12.30,12.43,0
"2024-01-01",1111,"TELUR AYAM GRED C","30 biji",6928,31,568,12.30,12.43,0
"2024-02-01",1111,"TELUR AYAM GRED C","30 biji",6216,27,640,12.30,12.43,0
"2024-03-01",1111,"TELUR AYAM GRED C","30 biji",8550,28,702,12.30,12.38,0
"2024-04-01",1111,"TELUR AYAM GRED C","30 biji",11720,28,797,12.30,12.18,0
"2024-05-01",1111,"TELUR AYAM GRED C","30 biji",12607,29,818,12.30,12.11,0
"2024-06-01",1111,"TELUR AYAM GRED C","30 biji",9519,28,753,12.00,11.95,0
"2024-07-01",1111,"TELUR AYAM GRED C","30 biji",9120,30,751,11.40,11.48,0
"2024-08-01",1111,"TELUR AYAM GRED C","30 biji",7727,25,719,11.40,11.47,0
"2024-09-01",1111,"TELUR AYAM GRED C","30 biji",8613,29,725,11.40,11.41,1
"2024-10-01",1111,"TELUR AYAM GRED C","30 biji",9908,31,756,11.40,11.41,0
"2024-11-01",1111,"TELUR AYAM GRED C","30 biji",10638,28,762,11.40,11.36,0
"2024-12-01",1111,"TELUR AYAM GRED C","30 biji",12293,30,790,11.40,11.37,3
"2025-01-01",1111,"TELUR AYAM GRED C","30 biji",12976,29,820,11.40,11.33,0
"2025-02-01",1111,"TELUR AYAM GRED C","30 biji",11485,26,816,11.40,11.41,1
"2025-03-01",1111,"TELUR AYAM GRED C","30 biji",14246,30,872,11.40,10.26,0
"2025-04-01",1111,"TELUR AYAM GRED C","30 biji",11384,28,879,7.99,8.55,1
"2025-05-01",1111,"TELUR AYAM GRED C","30 biji",14221,29,880,9.30,9.64,1
"2025-06-01",1111,"TELUR AYAM GRED C","30 biji",12812,26,884,10.89,10.78,1
"2025-07-01",1111,"TELUR AYAM GRED C","30 biji",16686,30,1215,10.79,10.68,1
"2025-08-01",1111,"TELUR AYAM GRED C","30 biji",17969,30,1225,11.40,11.44,3
"2025-09-01",1111,"TELUR AYAM GRED C","30 biji",14026,27,1169,12.90,13.03,0
"2025-10-01",1111,"TELUR AYAM GRED C","30 biji",18165,31,1228,13.20,13.22,1
"2025-11-01",1111,"TELUR AYAM GRED C","30 biji",18280,30,1243,10.50,10.84,1
"2025-12-01",1111,"TELUR AYAM GRED C","30 biji",17037,30,1237,12.40,11.97,0
"2023-01-01",1131,"UBI KENTANG IMPORT (CHINA)","1kg",21289,29,1127,3.50,3.47,0
"2023-02-01",1131,"UBI KENTANG IMPORT (CHINA)","1kg",19275,27,1095,3.50,3.46,0
"2023-03-01",1131,"UBI KENTANG IMPORT (CHINA)","1kg",20718,31,1073,3.50,3.38,0
"2023-04-01",1131,"UBI KENTANG IMPORT (CHINA)","1kg",17192,26,1059,3.49,3.22,0
"2023-05-01",1131,"UBI KENTANG IMPORT (CHINA)","1kg",15903,24,1028,3.50,3.29,0
"2023-06-01",1131,"UBI KENTANG IMPORT (CHINA)","1kg",18070,28,1021,3.50,3.57,0
"2023-07-01",1131,"UBI KENTANG IMPORT (CHINA)","1kg",20788,30,1051,3.60,3.70,0
"2023-08-01",1131,"UBI KENTANG IMPORT (CHINA)","1kg",20453,29,1041,3.60,3.70,0
"2023-09-01",1131,"UBI KENTANG IMPORT (CHINA)","1kg",19622,28,1053,3.59,3.64,0
"2023-10-01",1131,"UBI KENTANG IMPORT (CHINA)","1kg",21760,30,1063,3.60,3.59,0
"2023-11-01",1131,"UBI KENTANG IMPORT (CHINA)","1kg",19457,28,1045,3.50,3.50,0
"2023-12-01",1131,"UBI KENTANG IMPORT (CHINA)","1kg",17845,24,1094,3.50,3.39,0
"2024-01-01",1131,"UBI KENTANG IMPORT (CHINA)","1kg",23071,31,1094,3.50,3.43,0
"2024-02-01",1131,"UBI KENTANG IMPORT (CHINA)","1kg",20344,28,1180,3.49,3.32,0
"2024-03-01",1131,"UBI KENTANG IMPORT (CHINA)","1kg",19915,28,1150,3.50,3.42,0
"2024-04-01",1131,"UBI KENTANG IMPORT (CHINA)","1kg",21557,28,1210,3.50,3.30,1
"2024-05-01",1131,"UBI KENTANG IMPORT (CHINA)","1kg",21655,30,1167,3.50,3.49,0
"2024-06-01",1131,"UBI KENTANG IMPORT (CHINA)","1kg",20912,28,1181,3.49,3.45,0
"2024-07-01",1131,"UBI KENTANG IMPORT (CHINA)","1kg",23069,30,1227,3.50,3.46,0
"2024-08-01",1131,"UBI KENTANG IMPORT (CHINA)","1kg",20158,26,1234,3.50,3.44,0
"2024-09-01",1131,"UBI KENTANG IMPORT (CHINA)","1kg",24173,29,1247,3.49,3.40,1
"2024-10-01",1131,"UBI KENTANG IMPORT (CHINA)","1kg",24638,31,1242,3.30,3.35,0
"2024-11-01",1131,"UBI KENTANG IMPORT (CHINA)","1kg",23027,28,1262,3.20,3.35,1
"2024-12-01",1131,"UBI KENTANG IMPORT (CHINA)","1kg",25086,30,1301,3.19,3.26,1
"2025-01-01",1131,"UBI KENTANG IMPORT (CHINA)","1kg",25185,29,1326,3.20,3.28,0
"2025-02-01",1131,"UBI KENTANG IMPORT (CHINA)","1kg",22276,26,1332,3.20,3.30,1
"2025-03-01",1131,"UBI KENTANG IMPORT (CHINA)","1kg",24903,30,1348,3.20,3.23,6
"2025-04-01",1131,"UBI KENTANG IMPORT (CHINA)","1kg",22877,28,1320,3.20,3.17,0
"2025-05-01",1131,"UBI KENTANG IMPORT (CHINA)","1kg",23943,29,1307,3.05,3.23,1
"2025-06-01",1131,"UBI KENTANG IMPORT (CHINA)","1kg",21380,27,1310,3.00,3.18,0
"2025-07-01",1131,"UBI KENTANG IMPORT (CHINA)","1kg",28362,30,1851,2.99,3.13,1
"2025-08-01",1131,"UBI KENTANG IMPORT (CHINA)","1kg",31391,31,1727,3.00,3.13,1
"2025-09-01",1131,"UBI KENTANG IMPORT (CHINA)","1kg",27054,28,1681,2.99,3.14,0
"2025-10-01",1131,"UBI KENTANG IMPORT (CHINA)","1kg",31001,31,1672,2.99,3.09,16
"2025-11-01",1131,"UBI KENTANG IMPORT (CHINA)","1kg",29994,30,1683,2.99,3.07,162
"2025-12-01",1131,"UBI KENTANG IMPORT (CHINA)","1kg",30412,30,1684,2.99,3.08,0
"2023-01-01",1431,"DAGING LEMBU TEMPATAN (BAHAGIAN 1 DAGING PAHA (KECUALI BATANG PINANG - TENDERLOIN)","1kg",3286,29,148,38.00,38.63,0
"2023-02-01",1431,"DAGING LEMBU TEMPATAN (BAHAGIAN 1 DAGING PAHA (KECUALI BATANG PINANG - TENDERLOIN)","1kg",3105,27,149,38.00,38.64,0
"2023-03-01",1431,"DAGING LEMBU TEMPATAN (BAHAGIAN 1 DAGING PAHA (KECUALI BATANG PINANG - TENDERLOIN)","1kg",3732,31,158,38.00,38.58,0
"2023-04-01",1431,"DAGING LEMBU TEMPATAN (BAHAGIAN 1 DAGING PAHA (KECUALI BATANG PINANG - TENDERLOIN)","1kg",3239,26,169,39.00,38.74,0
"2023-05-01",1431,"DAGING LEMBU TEMPATAN (BAHAGIAN 1 DAGING PAHA (KECUALI BATANG PINANG - TENDERLOIN)","1kg",2833,24,157,39.00,39.17,0
"2023-06-01",1431,"DAGING LEMBU TEMPATAN (BAHAGIAN 1 DAGING PAHA (KECUALI BATANG PINANG - TENDERLOIN)","1kg",3272,28,151,39.00,39.37,0
"2023-07-01",1431,"DAGING LEMBU TEMPATAN (BAHAGIAN 1 DAGING PAHA (KECUALI BATANG PINANG - TENDERLOIN)","1kg",2761,30,142,39.00,38.91,0
"2023-08-01",1431,"DAGING LEMBU TEMPATAN (BAHAGIAN 1 DAGING PAHA (KECUALI BATANG PINANG - TENDERLOIN)","1kg",3110,29,142,39.00,39.15,0
"2023-09-01",1431,"DAGING LEMBU TEMPATAN (BAHAGIAN 1 DAGING PAHA (KECUALI BATANG PINANG - TENDERLOIN)","1kg",2988,27,143,39.00,39.15,0
"2023-10-01",1431,"DAGING LEMBU TEMPATAN (BAHAGIAN 1 DAGING PAHA (KECUALI BATANG PINANG - TENDERLOIN)","1kg",3307,30,142,39.00,38.63,0
"2023-11-01",1431,"DAGING LEMBU TEMPATAN (BAHAGIAN 1 DAGING PAHA (KECUALI BATANG PINANG - TENDERLOIN)","1kg",3087,28,139,39.00,38.88,0
"2023-12-01",1431,"DAGING LEMBU TEMPATAN (BAHAGIAN 1 DAGING PAHA (KECUALI BATANG PINANG - TENDERLOIN)","1kg",2823,24,144,39.00,38.83,0
"2024-01-01",1431,"DAGING LEMBU TEMPATAN (BAHAGIAN 1 DAGING PAHA (KECUALI BATANG PINANG - TENDERLOIN)","1kg",3614,31,143,39.00,38.71,0
"2024-02-01",1431,"DAGING LEMBU TEMPATAN (BAHAGIAN 1 DAGING PAHA (KECUALI BATANG PINANG - TENDERLOIN)","1kg",3073,27,144,39.00,38.76,0
"2024-03-01",1431,"DAGING LEMBU TEMPATAN (BAHAGIAN 1 DAGING PAHA (KECUALI BATANG PINANG - TENDERLOIN)","1kg",3484,28,164,38.00,38.57,0
"2024-04-01",1431,"DAGING LEMBU TEMPATAN (BAHAGIAN 1 DAGING PAHA (KECUALI BATANG PINANG - TENDERLOIN)","1kg",3502,28,173,38.00,38.17,0
"2024-05-01",1431,"DAGING LEMBU TEMPATAN (BAHAGIAN 1 DAGING PAHA (KECUALI BATANG PINANG - TENDERLOIN)","1kg",3484,29,154,38.00,38.34,0
"2024-06-01",1431,"DAGING LEMBU TEMPATAN (BAHAGIAN 1 DAGING PAHA (KECUALI BATANG PINANG - TENDERLOIN)","1kg",2802,28,154,39.00,38.37,0
"2024-07-01",1431,"DAGING LEMBU TEMPATAN (BAHAGIAN 1 DAGING PAHA (KECUALI BATANG PINANG - TENDERLOIN)","1kg",3045,29,153,38.00,38.40,0
"2024-08-01",1431,"DAGING LEMBU TEMPATAN (BAHAGIAN 1 DAGING PAHA (KECUALI BATANG PINANG - TENDERLOIN)","1kg",2888,25,152,38.00,38.42,0
"2024-09-01",1431,"DAGING LEMBU TEMPATAN (BAHAGIAN 1 DAGING PAHA (KECUALI BATANG PINANG - TENDERLOIN)","1kg",3358,29,153,38.00,38.41,0
"2024-10-01",1431,"DAGING LEMBU TEMPATAN (BAHAGIAN 1 DAGING PAHA (KECUALI BATANG PINANG - TENDERLOIN)","1kg",3552,31,150,38.00,38.23,0
"2024-11-01",1431,"DAGING LEMBU TEMPATAN (BAHAGIAN 1 DAGING PAHA (KECUALI BATANG PINANG - TENDERLOIN)","1kg",3283,28,155,38.00,37.66,0
"2024-12-01",1431,"DAGING LEMBU TEMPATAN (BAHAGIAN 1 DAGING PAHA (KECUALI BATANG PINANG - TENDERLOIN)","1kg",3476,30,149,38.00,36.98,0
"2025-01-01",1431,"DAGING LEMBU TEMPATAN (BAHAGIAN 1 DAGING PAHA (KECUALI BATANG PINANG - TENDERLOIN)","1kg",3308,29,149,38.00,36.74,0
"2025-02-01",1431,"DAGING LEMBU TEMPATAN (BAHAGIAN 1 DAGING PAHA (KECUALI BATANG PINANG - TENDERLOIN)","1kg",2962,26,160,38.00,36.35,0
"2025-03-01",1431,"DAGING LEMBU TEMPATAN (BAHAGIAN 1 DAGING PAHA (KECUALI BATANG PINANG - TENDERLOIN)","1kg",3644,30,172,38.00,35.84,0
"2025-04-01",1431,"DAGING LEMBU TEMPATAN (BAHAGIAN 1 DAGING PAHA (KECUALI BATANG PINANG - TENDERLOIN)","1kg",3064,28,158,38.00,36.03,0
"2025-05-01",1431,"DAGING LEMBU TEMPATAN (BAHAGIAN 1 DAGING PAHA (KECUALI BATANG PINANG - TENDERLOIN)","1kg",3374,29,152,38.00,36.16,0
"2025-06-01",1431,"DAGING LEMBU TEMPATAN (BAHAGIAN 1 DAGING PAHA (KECUALI BATANG PINANG - TENDERLOIN)","1kg",2301,26,152,38.00,36.40,0
"2025-07-01",1431,"DAGING LEMBU TEMPATAN (BAHAGIAN 1 DAGING PAHA (KECUALI BATANG PINANG - TENDERLOIN)","1kg",2093,21,150,38.00,36.73,0
"2025-08-01",1431,"DAGING LEMBU TEMPATAN (BAHAGIAN 1 DAGING PAHA (KECUALI BATANG PINANG - TENDERLOIN)","1kg",509,12,126,37.00,35.83,0
"2025-09-01",1431,"DAGING LEMBU TEMPATAN (BAHAGIAN 1 DAGING PAHA (KECUALI BATANG PINANG - TENDERLOIN)","1kg",411,9,120,37.00,35.88,0
"2025-10-01",1431,"DAGING LEMBU TEMPATAN (BAHAGIAN 1 DAGING PAHA (KECUALI BATANG PINANG - TENDERLOIN)","1kg",411,8,118,37.00,35.51,0
"2025-11-01",1431,"DAGING LEMBU TEMPATAN (BAHAGIAN 1 DAGING PAHA (KECUALI BATANG PINANG - TENDERLOIN)","1kg",412,11,109,36.00,35.43,0
"2025-12-01",1431,"DAGING LEMBU TEMPATAN (BAHAGIAN 1 DAGING PAHA (KECUALI BATANG PINANG - TENDERLOIN)","1kg",387,9,107,36.00,35.26,0
"2023-01-01",1555,"UDANG PUTIH/VANNAMEI (TERNAK) (ANTARA 41 HINGGA 60 EKOR SEKILOGRAM)","1kg",14039,29,800,34.90,34.49,1
"2023-02-01",1555,"UDANG PUTIH/VANNAMEI (TERNAK) (ANTARA 41 HINGGA 60 EKOR SEKILOGRAM)","1kg",13832,27,797,34.99,35.11,0
"2023-03-01",1555,"UDANG PUTIH/VANNAMEI (TERNAK) (ANTARA 41 HINGGA 60 EKOR SEKILOGRAM)","1kg",16706,31,799,34.99,35.06,1
"2023-04-01",1555,"UDANG PUTIH/VANNAMEI (TERNAK) (ANTARA 41 HINGGA 60 EKOR SEKILOGRAM)","1kg",13295,26,793,34.99,35.10,0
"2023-05-01",1555,"UDANG PUTIH/VANNAMEI (TERNAK) (ANTARA 41 HINGGA 60 EKOR SEKILOGRAM)","1kg",13316,24,804,34.00,33.93,0
"2023-06-01",1555,"UDANG PUTIH/VANNAMEI (TERNAK) (ANTARA 41 HINGGA 60 EKOR SEKILOGRAM)","1kg",15434,28,804,32.99,33.19,0
"2023-07-01",1555,"UDANG PUTIH/VANNAMEI (TERNAK) (ANTARA 41 HINGGA 60 EKOR SEKILOGRAM)","1kg",16594,30,802,32.90,33.21,0
"2023-08-01",1555,"UDANG PUTIH/VANNAMEI (TERNAK) (ANTARA 41 HINGGA 60 EKOR SEKILOGRAM)","1kg",15920,29,800,32.90,33.43,2
"2023-09-01",1555,"UDANG PUTIH/VANNAMEI (TERNAK) (ANTARA 41 HINGGA 60 EKOR SEKILOGRAM)","1kg",14878,27,798,32.00,32.49,2
"2023-10-01",1555,"UDANG PUTIH/VANNAMEI (TERNAK) (ANTARA 41 HINGGA 60 EKOR SEKILOGRAM)","1kg",16348,30,791,32.00,32.44,0
"2023-11-01",1555,"UDANG PUTIH/VANNAMEI (TERNAK) (ANTARA 41 HINGGA 60 EKOR SEKILOGRAM)","1kg",14645,28,800,32.00,32.48,0
"2023-12-01",1555,"UDANG PUTIH/VANNAMEI (TERNAK) (ANTARA 41 HINGGA 60 EKOR SEKILOGRAM)","1kg",13322,24,781,32.00,32.73,0
"2024-01-01",1555,"UDANG PUTIH/VANNAMEI (TERNAK) (ANTARA 41 HINGGA 60 EKOR SEKILOGRAM)","1kg",16855,31,806,32.88,32.88,0
"2024-02-01",1555,"UDANG PUTIH/VANNAMEI (TERNAK) (ANTARA 41 HINGGA 60 EKOR SEKILOGRAM)","1kg",13930,27,831,33.00,33.23,0
"2024-03-01",1555,"UDANG PUTIH/VANNAMEI (TERNAK) (ANTARA 41 HINGGA 60 EKOR SEKILOGRAM)","1kg",15140,28,858,33.50,33.51,0
"2024-04-01",1555,"UDANG PUTIH/VANNAMEI (TERNAK) (ANTARA 41 HINGGA 60 EKOR SEKILOGRAM)","1kg",15745,28,859,33.90,33.57,0
"2024-05-01",1555,"UDANG PUTIH/VANNAMEI (TERNAK) (ANTARA 41 HINGGA 60 EKOR SEKILOGRAM)","1kg",17640,29,874,32.00,33.01,0
"2024-06-01",1555,"UDANG PUTIH/VANNAMEI (TERNAK) (ANTARA 41 HINGGA 60 EKOR SEKILOGRAM)","1kg",16815,28,883,31.99,32.32,1
"2024-07-01",1555,"UDANG PUTIH/VANNAMEI (TERNAK) (ANTARA 41 HINGGA 60 EKOR SEKILOGRAM)","1kg",17494,30,894,31.90,32.29,0
"2024-08-01",1555,"UDANG PUTIH/VANNAMEI (TERNAK) (ANTARA 41 HINGGA 60 EKOR SEKILOGRAM)","1kg",15144,26,887,32.00,32.62,1
"2024-09-01",1555,"UDANG PUTIH/VANNAMEI (TERNAK) (ANTARA 41 HINGGA 60 EKOR SEKILOGRAM)","1kg",17500,29,896,32.99,33.32,0
"2024-10-01",1555,"UDANG PUTIH/VANNAMEI (TERNAK) (ANTARA 41 HINGGA 60 EKOR SEKILOGRAM)","1kg",17965,31,883,32.99,33.40,0
"2024-11-01",1555,"UDANG PUTIH/VANNAMEI (TERNAK) (ANTARA 41 HINGGA 60 EKOR SEKILOGRAM)","1kg",16311,28,889,33.00,33.57,2
"2024-12-01",1555,"UDANG PUTIH/VANNAMEI (TERNAK) (ANTARA 41 HINGGA 60 EKOR SEKILOGRAM)","1kg",17499,30,888,33.00,33.59,1
"2025-01-01",1555,"UDANG PUTIH/VANNAMEI (TERNAK) (ANTARA 41 HINGGA 60 EKOR SEKILOGRAM)","1kg",16332,29,879,34.00,34.00,1
"2025-02-01",1555,"UDANG PUTIH/VANNAMEI (TERNAK) (ANTARA 41 HINGGA 60 EKOR SEKILOGRAM)","1kg",13448,26,876,34.99,34.68,0
"2025-03-01",1555,"UDANG PUTIH/VANNAMEI (TERNAK) (ANTARA 41 HINGGA 60 EKOR SEKILOGRAM)","1kg",16038,30,901,35.00,35.29,0
"2025-04-01",1555,"UDANG PUTIH/VANNAMEI (TERNAK) (ANTARA 41 HINGGA 60 EKOR SEKILOGRAM)","1kg",15130,28,883,34.00,34.62,1
"2025-05-01",1555,"UDANG PUTIH/VANNAMEI (TERNAK) (ANTARA 41 HINGGA 60 EKOR SEKILOGRAM)","1kg",17419,29,897,32.99,33.43,0
"2025-06-01",1555,"UDANG PUTIH/VANNAMEI (TERNAK) (ANTARA 41 HINGGA 60 EKOR SEKILOGRAM)","1kg",15377,26,916,32.00,33.09,0
"2025-07-01",1555,"UDANG PUTIH/VANNAMEI (TERNAK) (ANTARA 41 HINGGA 60 EKOR SEKILOGRAM)","1kg",20189,30,1191,32.00,33.14,0
"2025-08-01",1555,"UDANG PUTIH/VANNAMEI (TERNAK) (ANTARA 41 HINGGA 60 EKOR SEKILOGRAM)","1kg",22131,30,1165,32.99,33.61,1
"2025-09-01",1555,"UDANG PUTIH/VANNAMEI (TERNAK) (ANTARA 41 HINGGA 60 EKOR SEKILOGRAM)","1kg",19128,27,1138,32.99,33.63,1
"2025-10-01",1555,"UDANG PUTIH/VANNAMEI (TERNAK) (ANTARA 41 HINGGA 60 EKOR SEKILOGRAM)","1kg",22502,31,1160,32.99,33.42,0
"2025-11-01",1555,"UDANG PUTIH/VANNAMEI (TERNAK) (ANTARA 41 HINGGA 60 EKOR SEKILOGRAM)","1kg",21734,30,1166,32.99,33.37,1
"2025-12-01",1555,"UDANG PUTIH/VANNAMEI (TERNAK) (ANTARA 41 HINGGA 60 EKOR SEKILOGRAM)","1kg",21937,30,1151,33.90,33.89,3
"2023-01-01",1564,"BAWANG PUTIH IMPORT (CHINA)","1kg",24165,29,1227,7.90,7.53,0
"2023-02-01",1564,"BAWANG PUTIH IMPORT (CHINA)","1kg",22250,27,1202,7.90,7.66,0
"2023-03-01",1564,"BAWANG PUTIH IMPORT (CHINA)","1kg",26384,31,1208,7.90,7.71,0
"2023-04-01",1564,"BAWANG PUTIH IMPORT (CHINA)","1kg",22217,26,1216,7.90,7.51,0
"2023-05-01",1564,"BAWANG PUTIH IMPORT (CHINA)","1kg",20517,24,1207,8.00,8.43,0
"2023-06-01",1564,"BAWANG PUTIH IMPORT (CHINA)","1kg",23473,28,1191,9.30,9.48,0
"2023-07-01",1564,"BAWANG PUTIH IMPORT (CHINA)","1kg",25346,30,1187,10.00,10.73,0
"2023-08-01",1564,"BAWANG PUTIH IMPORT (CHINA)","1kg",24060,29,1177,11.50,11.42,0
"2023-09-01",1564,"BAWANG PUTIH IMPORT (CHINA)","1kg",23067,28,1179,11.99,11.62,0
"2023-10-01",1564,"BAWANG PUTIH IMPORT (CHINA)","1kg",25533,30,1178,11.99,11.79,0
"2023-11-01",1564,"BAWANG PUTIH IMPORT (CHINA)","1kg",22533,28,1167,11.99,11.87,0
"2023-12-01",1564,"BAWANG PUTIH IMPORT (CHINA)","1kg",20173,24,1165,12.00,11.90,0
"2024-01-01",1564,"BAWANG PUTIH IMPORT (CHINA)","1kg",26002,31,1175,12.00,11.96,2
"2024-02-01",1564,"BAWANG PUTIH IMPORT (CHINA)","1kg",22597,28,1236,11.00,11.41,0
"2024-03-01",1564,"BAWANG PUTIH IMPORT (CHINA)","1kg",23217,28,1254,12.00,12.15,0
"2024-04-01",1564,"BAWANG PUTIH IMPORT (CHINA)","1kg",24549,28,1270,11.00,11.56,0
"2024-05-01",1564,"BAWANG PUTIH IMPORT (CHINA)","1kg",26128,30,1294,12.00,12.58,0
"2024-06-01",1564,"BAWANG PUTIH IMPORT (CHINA)","1kg",24344,28,1287,12.00,12.50,0
"2024-07-01",1564,"BAWANG PUTIH IMPORT (CHINA)","1kg",25777,30,1314,12.00,12.43,0
"2024-08-01",1564,"BAWANG PUTIH IMPORT (CHINA)","1kg",22557,26,1307,12.80,12.46,0
"2024-09-01",1564,"BAWANG PUTIH IMPORT (CHINA)","1kg",26862,29,1313,12.50,12.45,0
"2024-10-01",1564,"BAWANG PUTIH IMPORT (CHINA)","1kg",27344,31,1311,12.00,12.39,0
"2024-11-01",1564,"BAWANG PUTIH IMPORT (CHINA)","1kg",25435,28,1338,12.00,12.44,0
"2024-12-01",1564,"BAWANG PUTIH IMPORT (CHINA)","1kg",27218,30,1339,12.50,12.57,0
"2025-01-01",1564,"BAWANG PUTIH IMPORT (CHINA)","1kg",26664,29,1345,11.90,12.26,5
"2025-02-01",1564,"BAWANG PUTIH IMPORT (CHINA)","1kg",23252,26,1346,11.90,12.31,1
"2025-03-01",1564,"BAWANG PUTIH IMPORT (CHINA)","1kg",27001,30,1369,11.00,12.00,1
"2025-04-01",1564,"BAWANG PUTIH IMPORT (CHINA)","1kg",25294,28,1367,11.00,11.79,3
"2025-05-01",1564,"BAWANG PUTIH IMPORT (CHINA)","1kg",27418,29,1375,12.00,12.07,1
"2025-06-01",1564,"BAWANG PUTIH IMPORT (CHINA)","1kg",23988,27,1389,11.90,11.62,1
"2025-07-01",1564,"BAWANG PUTIH IMPORT (CHINA)","1kg",31241,30,1957,10.00,10.55,2
"2025-08-01",1564,"BAWANG PUTIH IMPORT (CHINA)","1kg",34787,31,1840,9.90,9.85,1
"2025-09-01",1564,"BAWANG PUTIH IMPORT (CHINA)","1kg",29691,28,1796,9.00,9.57,1
"2025-10-01",1564,"BAWANG PUTIH IMPORT (CHINA)","1kg",34140,31,1806,8.99,9.50,3
"2025-11-01",1564,"BAWANG PUTIH IMPORT (CHINA)","1kg",33012,30,1809,8.99,9.49,0
"2025-12-01",1564,"BAWANG PUTIH IMPORT (CHINA)","1kg",33811,30,1815,8.99,9.49,1
"2023-01-01",1589,"GULA PUTIH BERTAPIS KASAR (PELBAGAI JENAMA)","1kg",6216,14,1310,2.85,2.85,0
"2023-02-01",1589,"GULA PUTIH BERTAPIS KASAR (PELBAGAI JENAMA)","1kg",4994,13,1300,2.85,2.85,1
"2023-03-01",1589,"GULA PUTIH BERTAPIS KASAR (PELBAGAI JENAMA)","1kg",5001,18,1284,2.85,2.85,0
"2023-04-01",1589,"GULA PUTIH BERTAPIS KASAR (PELBAGAI JENAMA)","1kg",6260,15,1293,2.85,2.85,0
"2023-05-01",1589,"GULA PUTIH BERTAPIS KASAR (PELBAGAI JENAMA)","1kg",4509,16,1249,2.85,2.85,0
"2023-06-01",1589,"GULA PUTIH BERTAPIS KASAR (PELBAGAI JENAMA)","1kg",4305,11,1217,2.85,2.85,0
"2023-07-01",1589,"GULA PUTIH BERTAPIS KASAR (PELBAGAI JENAMA)","1kg",5630,19,1217,2.85,2.85,0
"2023-08-01",1589,"GULA PUTIH BERTAPIS KASAR (PELBAGAI JENAMA)","1kg",4575,16,1232,2.85,2.85,0
"2023-09-01",1589,"GULA PUTIH BERTAPIS KASAR (PELBAGAI JENAMA)","1kg",3918,16,1173,2.85,2.85,0
"2023-10-01",1589,"GULA PUTIH BERTAPIS KASAR (PELBAGAI JENAMA)","1kg",3823,17,1053,2.85,2.85,0
"2023-11-01",1589,"GULA PUTIH BERTAPIS KASAR (PELBAGAI JENAMA)","1kg",2866,21,963,2.85,2.85,0
"2023-12-01",1589,"GULA PUTIH BERTAPIS KASAR (PELBAGAI JENAMA)","1kg",3401,15,1019,2.85,2.85,0
"2024-01-01",1589,"GULA PUTIH BERTAPIS KASAR (PELBAGAI JENAMA)","1kg",4581,23,1106,2.85,2.85,0
"2024-02-01",1589,"GULA PUTIH BERTAPIS KASAR (PELBAGAI JENAMA)","1kg",4057,13,1161,2.85,2.85,0
"2024-03-01",1589,"GULA PUTIH BERTAPIS KASAR (PELBAGAI JENAMA)","1kg",4264,14,1213,2.85,2.85,0
"2024-04-01",1589,"GULA PUTIH BERTAPIS KASAR (PELBAGAI JENAMA)","1kg",5475,15,1263,2.85,2.85,0
"2024-05-01",1589,"GULA PUTIH BERTAPIS KASAR (PELBAGAI JENAMA)","1kg",5702,19,1294,2.85,2.85,0
"2024-06-01",1589,"GULA PUTIH BERTAPIS KASAR (PELBAGAI JENAMA)","1kg",3442,11,1250,2.85,2.85,0
"2024-07-01",1589,"GULA PUTIH BERTAPIS KASAR (PELBAGAI JENAMA)","1kg",5820,13,1319,2.85,2.85,0
"2024-08-01",1589,"GULA PUTIH BERTAPIS KASAR (PELBAGAI JENAMA)","1kg",3590,11,1272,2.85,2.85,0
"2024-09-01",1589,"GULA PUTIH BERTAPIS KASAR (PELBAGAI JENAMA)","1kg",6031,17,1332,2.85,2.85,0
"2024-10-01",1589,"GULA PUTIH BERTAPIS KASAR (PELBAGAI JENAMA)","1kg",5005,11,1338,2.85,2.85,0
"2024-11-01",1589,"GULA PUTIH BERTAPIS KASAR (PELBAGAI JENAMA)","1kg",4991,9,1370,2.85,2.85,0
"2024-12-01",1589,"GULA PUTIH BERTAPIS KASAR (PELBAGAI JENAMA)","1kg",5045,13,1372,2.85,2.85,0
"2025-01-01",1589,"GULA PUTIH BERTAPIS KASAR (PELBAGAI JENAMA)","1kg",6323,14,1392,2.85,2.89,1
"2025-02-01",1589,"GULA PUTIH BERTAPIS KASAR (PELBAGAI JENAMA)","1kg",5184,11,1365,2.85,2.85,0
"2025-03-01",1589,"GULA PUTIH BERTAPIS KASAR (PELBAGAI JENAMA)","1kg",6366,13,1409,2.85,2.85,0
"2025-04-01",1589,"GULA PUTIH BERTAPIS KASAR (PELBAGAI JENAMA)","1kg",5227,10,1399,2.85,2.85,1
"2025-05-01",1589,"GULA PUTIH BERTAPIS KASAR (PELBAGAI JENAMA)","1kg",6636,10,1423,2.85,2.85,0
"2025-06-01",1589,"GULA PUTIH BERTAPIS KASAR (PELBAGAI JENAMA)","1kg",5304,10,1420,2.85,2.85,0
"2025-07-01",1589,"GULA PUTIH BERTAPIS KASAR (PELBAGAI JENAMA)","1kg",6380,10,2055,2.85,2.85,0
"2025-08-01",1589,"GULA PUTIH BERTAPIS KASAR (PELBAGAI JENAMA)","1kg",9022,12,1938,2.85,2.85,0
"2025-09-01",1589,"GULA PUTIH BERTAPIS KASAR (PELBAGAI JENAMA)","1kg",7091,11,1902,2.85,2.86,2
"2025-10-01",1589,"GULA PUTIH BERTAPIS KASAR (PELBAGAI JENAMA)","1kg",7286,10,1919,2.85,2.85,0
"2025-11-01",1589,"GULA PUTIH BERTAPIS KASAR (PELBAGAI JENAMA)","1kg",7284,10,1916,2.85,2.85,0
"2025-12-01",1589,"GULA PUTIH BERTAPIS KASAR (PELBAGAI JENAMA)","1kg",7171,11,1909,2.85,2.85,0
