item_code,source_month,flag_direction,flagged_records,premises,recorded_days,minimum_price,maximum_price,item_month_median
1131,2025-11,low,162,18,14,0.3,0.49,2.99
129,2024-05,low,108,15,8,0.99,0.99,5.0
129,2024-06,low,31,15,4,0.99,0.99,5.0
114,2025-10,low,29,8,6,0.99,0.99,4.99
1131,2025-10,low,15,15,1,0.49,0.49,2.99
114,2024-12,low,14,7,5,0.99,1.0,5.69
114,2024-04,low,12,2,12,0.6,0.7,3.89
114,2024-09,low,10,3,4,0.75,0.75,4.0
114,2024-05,low,9,5,6,0.5,0.7,3.9
114,2024-03,low,9,5,6,0.99,0.99,5.0
114,2025-11,low,8,4,7,0.95,0.99,4.99
114,2023-04,low,8,3,4,0.99,1.0,6.0
1131,2025-03,low,6,1,6,0.5,0.5,3.2
94,2025-11,low,5,2,4,1.95,1.95,13.99
1564,2025-01,low,5,5,4,0.2,1.98,11.9
114,2023-12,low,5,1,5,0.89,0.89,6.0
918,2024-02,high,4,1,4,17.2,17.2,2.5
918,2024-01,high,4,1,4,17.2,17.2,2.5
114,2024-11,low,4,2,4,0.29,0.79,4.5
129,2025-12,low,4,4,4,0.39,0.69,3.5
1111,2024-12,low,3,1,3,1.4,1.44,11.4
1111,2025-08,low,3,3,3,1.13,1.7,11.4
1564,2025-04,low,3,3,3,1.0,1.5,11.0
1564,2025-10,low,3,3,3,0.01,1.49,8.99
918,2024-04,high,3,2,3,17.2,30.9,2.5
1555,2025-12,low,3,3,3,0.39,3.9,33.9
114,2025-07,low,2,2,2,0.03,0.27,4.69
114,2025-03,low,2,1,2,0.99,0.99,6.5
129,2025-11,high,2,2,2,490.0,660.0,3.5
129,2024-08,low,2,1,2,0.99,0.99,4.99
1564,2025-07,low,2,2,2,1.5,1.59,10.0
918,2024-03,high,2,1,2,17.2,17.2,2.5
1555,2024-11,low,2,2,2,0.35,3.89,33.0
1555,2023-09,low,2,2,2,2.8,3.98,32.0
114,2025-04,low,2,2,2,0.99,0.99,5.0
114,2025-12,low,2,2,2,0.09,1.0,6.0
129,2023-01,low,2,1,2,0.45,0.45,4.85
129,2023-12,low,2,1,2,0.99,0.99,5.0
114,2025-09,high,2,2,2,22.99,399.0,4.59
114,2025-01,low,2,2,1,0.99,0.99,7.99
1564,2024-01,low,2,1,2,2.0,2.0,12.0
1589,2025-09,high,2,2,1,28.5,28.5,2.85
1555,2023-08,high,2,1,2,3599.0,3599.0,32.9
103,2023-01,low,1,1,1,0.75,0.75,8.0
94,2025-08,high,1,1,1,71.5,71.5,13.99
94,2025-12,low,1,1,1,2.0,2.0,17.9
103,2025-05,high,1,1,1,80.0,80.0,10.0
103,2024-11,low,1,1,1,1.35,1.35,8.0
103,2025-01,low,1,1,1,0.55,0.55,9.2
103,2024-12,low,1,1,1,1.0,1.0,9.0
114,2023-05,low,1,1,1,0.79,0.79,3.99
114,2023-03,low,1,1,1,1.39,1.39,8.0
114,2023-11,low,1,1,1,0.89,0.89,5.9
1,2025-10,high,1,1,1,80.02,80.02,8.5
94,2025-01,low,1,1,1,2.99,2.99,14.99
94,2025-07,low,1,1,1,1.49,1.49,13.99
103,2024-10,high,1,1,1,65.0,65.0,8.0
103,2023-11,low,1,1,1,1.5,1.5,8.0
1,2025-10,low,1,1,1,0.86,0.86,8.5
1,2025-12,low,1,1,1,0.89,0.89,8.59
94,2023-11,low,1,1,1,1.9,1.9,15.9
1,2025-06,high,1,1,1,880.0,880.0,8.99
904,2025-06,low,1,1,1,3.8,3.8,37.59
904,2025-05,low,1,1,1,3.6,3.6,38.49
904,2025-01,low,1,1,1,3.88,3.88,38.88
193,2025-04,high,1,1,1,815.0,815.0,9.0
193,2024-11,high,1,1,1,87.9,87.9,8.9
129,2025-12,high,1,1,1,33.9,33.9,3.5
129,2025-10,high,1,1,1,30.9,30.9,3.9
129,2025-10,low,1,1,1,0.24,0.24,3.9
129,2025-06,high,1,1,1,600.0,600.0,3.99
129,2025-02,high,1,1,1,29.99,29.99,3.99
129,2025-09,low,1,1,1,0.5,0.5,3.99
129,2025-07,low,1,1,1,0.45,0.45,3.99
129,2024-12,low,1,1,1,0.15,0.15,4.0
114,2025-12,high,1,1,1,69.0,69.0,6.0
129,2023-02,high,1,1,1,45.0,45.0,4.9
129,2023-10,low,1,1,1,0.41,0.41,5.49
114,2025-05,low,1,1,1,0.49,0.49,4.29
114,2025-08,low,1,1,1,0.8,0.8,4.59
103,2023-02,low,1,1,1,0.75,0.75,8.0
1111,2025-05,low,1,1,1,1.29,1.29,9.3
1111,2025-04,low,1,1,1,1.4,1.4,7.99
1111,2025-02,high,1,1,1,1110.0,1110.0,11.4
1111,2025-06,high,1,1,1,1140.0,1140.0,10.89
917,2025-01,high,1,1,1,318.0,318.0,3.4
917,2025-07,high,1,1,1,30.9,30.9,3.3
917,2024-07,low,1,1,1,0.37,0.37,3.5
918,2024-07,high,1,1,1,16.65,16.65,2.5
918,2024-05,high,1,1,1,18.9,18.9,2.5
918,2025-09,high,1,1,1,30.9,30.9,2.5
1111,2024-09,low,1,1,1,1.1,1.1,11.4
917,2025-02,high,1,1,1,37.7,37.7,3.4
917,2023-09,low,1,1,1,0.39,0.39,3.6
1131,2025-10,high,1,1,1,21.9,21.9,2.99
1131,2025-08,low,1,1,1,0.3,0.3,3.0
1131,2025-07,low,1,1,1,0.4,0.4,2.99
1131,2025-05,high,1,1,1,269.0,269.0,3.05
1131,2025-02,high,1,1,1,248.0,248.0,3.2
1131,2024-12,low,1,1,1,0.29,0.29,3.19
1131,2024-11,high,1,1,1,50.0,50.0,3.2
1131,2024-09,low,1,1,1,0.44,0.44,3.49
1111,2025-07,low,1,1,1,1.4,1.4,10.79
1131,2024-04,low,1,1,1,0.2,0.2,3.5
1111,2025-11,low,1,1,1,1.0,1.0,10.5
1111,2025-10,low,1,1,1,1.34,1.34,13.2
1555,2024-08,low,1,1,1,4.6,4.6,32.0
1555,2024-06,low,1,1,1,0.28,0.28,31.99
1555,2023-03,low,1,1,1,3.0,3.0,34.99
1555,2023-01,low,1,1,1,4.8,4.8,34.9
1555,2025-11,low,1,1,1,3.2,3.2,32.99
1555,2025-09,low,1,1,1,3.0,3.0,32.99
1555,2025-08,low,1,1,1,6.5,6.5,32.99
1555,2025-04,low,1,1,1,2.99,2.99,34.0
1555,2024-12,high,1,1,1,370.0,370.0,33.0
1555,2025-01,low,1,1,1,5.55,5.55,34.0
1564,2025-03,low,1,1,1,1.0,1.0,11.0
1564,2025-02,low,1,1,1,1.78,1.78,11.9
1564,2025-06,high,1,1,1,100.0,100.0,11.9
1564,2025-05,low,1,1,1,1.99,1.99,12.0
1564,2025-09,low,1,1,1,0.79,0.79,9.0
1564,2025-08,low,1,1,1,0.13,0.13,9.9
1564,2025-12,low,1,1,1,1.0,1.0,8.99
1589,2023-02,low,1,1,1,0.25,0.25,2.85
1589,2025-01,high,1,1,1,282.85,282.85,2.85
1589,2025-04,low,1,1,1,0.25,0.25,2.85
