item_code,records_all,mean_all,median_all,flagged_records,records_unflagged,mean_unflagged,median_unflagged,month,mean_change_pct,median_change_pct
1,3582,9.2242797319933,9.39,0,3582,9.2242797319933,9.39,2022-12,0.0,0.0
94,2378,15.51769974768713,15.0,0,2378,15.51769974768713,15.0,2022-12,0.0,0.0
103,1124,8.521841637010676,8.0,0,1124,8.521841637010676,8.0,2022-12,0.0,0.0
114,4040,6.352012376237624,6.0,0,4040,6.352012376237624,6.0,2022-12,0.0,0.0
129,4557,4.6433816107088,4.5,0,4557,4.6433816107088,4.5,2022-12,0.0,0.0
193,131,8.529160305343511,8.5,0,131,8.529160305343511,8.5,2022-12,0.0,0.0
904,111,29.741261261261258,29.9,0,111,29.741261261261258,29.9,2022-12,0.0,0.0
917,357,3.6220448179271707,3.6,0,357,3.6220448179271707,3.6,2022-12,0.0,0.0
918,1173,2.5001619778346122,2.5,0,1173,2.5001619778346122,2.5,2022-12,0.0,0.0
1111,490,12.575938775510204,12.3,0,490,12.575938775510204,12.3,2022-12,0.0,0.0
1131,3886,3.4531600617601645,3.5,0,3886,3.4531600617601645,3.5,2022-12,0.0,0.0
1431,636,38.685361635220126,38.0,0,636,38.685361635220126,38.0,2022-12,0.0,0.0
1555,2874,34.27748434237996,34.0,0,2874,34.27748434237996,34.0,2022-12,0.0,0.0
1564,4456,7.700881956912028,7.9,0,4456,7.700881956912028,7.9,2022-12,0.0,0.0
1589,452,2.8480530973451326,2.85,0,452,2.8480530973451326,2.85,2022-12,0.0,0.0
1,18722,9.1276941566072,9.39,0,18722,9.1276941566072,9.39,2023-01,0.0,0.0
94,12588,14.644857801080395,13.99,0,12588,14.644857801080395,13.99,2023-01,0.0,0.0
103,6116,8.464077828646175,8.0,1,6115,8.46533932951758,8.0,2023-01,0.014904173814844768,0.0
114,22885,8.000525671837448,8.0,0,22885,8.000525671837448,8.0,2023-01,0.0,0.0
129,24797,4.756859297495665,4.85,2,24795,4.757206694898165,4.85,2023-01,0.00730308341645447,0.0
193,3103,8.82593296809539,8.9,0,3103,8.82593296809539,8.9,2023-01,0.0,0.0
904,1429,29.64068579426172,29.39,0,1429,29.64068579426172,29.39,2023-01,0.0,0.0
917,4515,3.681065337763012,3.7,0,4515,3.681065337763012,3.7,2023-01,0.0,0.0
918,6198,2.5006292352371733,2.5,0,6198,2.5006292352371733,2.5,2023-01,0.0,0.0
1111,2853,12.630620399579392,12.3,0,2853,12.630620399579392,12.3,2023-01,0.0,0.0
1131,21289,3.4736868805486405,3.5,0,21289,3.4736868805486405,3.5,2023-01,0.0,0.0
1431,3286,38.6335331710286,38.0,0,3286,38.6335331710286,38.0,2023-01,0.0,0.0
1555,14039,34.4940672412565,34.9,1,14038,34.49618250463029,34.9,2023-01,0.0061322527117324555,0.0
1564,24165,7.533434305814194,7.9,0,24165,7.533434305814194,7.9,2023-01,0.0,0.0
1589,6216,2.8497635135135138,2.85,0,6216,2.8497635135135138,2.85,2023-01,0.0,0.0
1,17141,9.243196429613208,9.39,0,17141,9.243196429613208,9.39,2023-02,0.0,0.0
94,11736,15.81974778459441,14.99,0,11736,15.81974778459441,14.99,2023-02,0.0,0.0
103,5621,8.493029710016012,8.0,1,5620,8.494407473309609,8.0,2023-02,0.016222282749955852,0.0
114,20556,8.620095835765714,8.0,0,20556,8.620095835765714,8.0,2023-02,0.0,0.0
129,22991,4.809732938976121,4.9,1,22990,4.807984775989561,4.9,2023-02,-0.036346362859229764,0.0
193,2574,8.869087024087024,8.9,0,2574,8.869087024087024,8.9,2023-02,0.0,0.0
904,1137,29.747660510114333,29.9,0,1137,29.747660510114333,29.9,2023-02,0.0,0.0
917,3702,3.693741220961642,3.7,0,3702,3.693741220961642,3.7,2023-02,0.0,0.0
918,6418,2.5002617637893425,2.5,0,6418,2.5002617637893425,2.5,2023-02,0.0,0.0
1111,3808,12.558426995798321,12.3,0,3808,12.558426995798321,12.3,2023-02,0.0,0.0
1131,19275,3.456681193255512,3.5,0,19275,3.456681193255512,3.5,2023-02,0.0,0.0
1431,3105,38.63707890499195,38.0,0,3105,38.63707890499195,38.0,2023-02,0.0,0.0
1555,13832,35.10624204742626,34.99,0,13832,35.10624204742626,34.99,2023-02,0.0,0.0
1564,22250,7.664432808988765,7.9,0,22250,7.664432808988765,7.9,2023-02,0.0,0.0
1589,4994,2.8491489787745294,2.85,1,4993,2.8496695373522933,2.85,2023-02,0.018270668948594526,0.0
1,20222,9.35643952131342,9.4,0,20222,9.35643952131342,9.4,2023-03,0.0,0.0
94,14317,15.51147936020116,14.99,0,14317,15.51147936020116,14.99,2023-03,0.0,0.0
103,6859,8.519593235165475,8.0,0,6859,8.519593235165475,8.0,2023-03,0.0,0.0
114,25031,8.365674563541209,8.0,1,25030,8.36595325609269,8.0,2023-03,0.003331381699878122,0.0
129,27080,4.978452363367799,4.99,0,27080,4.978452363367799,4.99,2023-03,0.0,0.0
193,2558,8.87571931196247,8.9,0,2558,8.87571931196247,8.9,2023-03,0.0,0.0
904,1120,29.984544642857145,29.99,0,1120,29.984544642857145,29.99,2023-03,0.0,0.0
917,3765,3.677219123505976,3.7,0,3765,3.677219123505976,3.7,2023-03,0.0,0.0
918,7721,2.5001813236627384,2.5,0,7721,2.5001813236627384,2.5,2023-03,0.0,0.0
1111,5275,12.459315639810427,12.3,0,5275,12.459315639810427,12.3,2023-03,0.0,0.0
1131,20718,3.3816608746017955,3.5,0,20718,3.3816608746017955,3.5,2023-03,0.0,0.0
1431,3732,38.5764308681672,38.0,0,3732,38.5764308681672,38.0,2023-03,0.0,0.0
1555,16706,35.05824314617503,34.99,1,16705,35.060162226878184,34.99,2023-03,0.005473978530967649,0.0
1564,26384,7.7054631594906,7.9,0,26384,7.7054631594906,7.9,2023-03,0.0,0.0
1589,5001,2.8489022195560887,2.85,0,5001,2.8489022195560887,2.85,2023-03,0.0,0.0
1,16635,9.344096783889391,9.4,0,16635,9.344096783889391,9.4,2023-04,0.0,0.0
94,11410,16.27274496056091,15.99,0,11410,16.27274496056091,15.99,2023-04,0.0,0.0
103,5660,8.470646643109541,8.0,0,5660,8.470646643109541,8.0,2023-04,0.0,0.0
114,21029,6.260905416329831,6.0,8,21021,6.262909947195662,6.0,2023-04,0.032016629106101924,0.0
129,22138,5.0195618393712165,5.0,0,22138,5.0195618393712165,5.0,2023-04,0.0,0.0
193,3250,8.931027692307692,8.9,0,3250,8.931027692307692,8.9,2023-04,0.0,0.0
904,1385,29.851212996389894,29.9,0,1385,29.851212996389894,29.9,2023-04,0.0,0.0
917,4625,3.6655372972972975,3.65,0,4625,3.6655372972972975,3.65,2023-04,0.0,0.0
918,6911,2.4998972652293445,2.5,0,6911,2.4998972652293445,2.5,2023-04,0.0,0.0
1111,6270,12.41062360446571,12.3,0,6270,12.41062360446571,12.3,2023-04,0.0,0.0
1131,17192,3.215944043741275,3.49,0,17192,3.215944043741275,3.49,2023-04,0.0,0.0
1431,3239,38.741083667798705,39.0,0,3239,38.741083667798705,39.0,2023-04,0.0,0.0
1555,13295,35.09995787890184,34.99,0,13295,35.09995787890184,34.99,2023-04,0.0,0.0
1564,22217,7.509386055723095,7.9,0,22217,7.509386055723095,7.9,2023-04,0.0,0.0
1589,6260,2.849156549520767,2.85,0,6260,2.849156549520767,2.85,2023-04,0.0,0.0
1,15916,9.366750439808998,9.4,0,15916,9.366750439808998,9.4,2023-05,0.0,0.0
94,11017,14.866253971135517,13.99,0,11017,14.866253971135517,13.99,2023-05,0.0,0.0
103,5308,8.556081386586285,8.0,0,5308,8.556081386586285,8.0,2023-05,0.0,0.0
114,20596,4.401915420469995,3.99,1,20595,4.402090798737557,3.99,2023-05,0.00398413533224673,0.0
129,19629,5.495825054765907,5.0,0,19629,5.495825054765907,5.0,2023-05,0.0,0.0
193,2695,8.933640074211503,8.9,0,2695,8.933640074211503,8.9,2023-05,0.0,0.0
904,1111,30.35910891089109,29.99,0,1111,30.35910891089109,29.99,2023-05,0.0,0.0
917,3847,3.67446321809202,3.7,0,3847,3.67446321809202,3.7,2023-05,0.0,0.0
918,6951,2.4999539634584953,2.5,0,6951,2.4999539634584953,2.5,2023-05,0.0,0.0
1111,7235,12.413191430545957,12.3,0,7235,12.413191430545957,12.3,2023-05,0.0,0.0
1131,15903,3.291094761994592,3.5,0,15903,3.291094761994592,3.5,2023-05,0.0,0.0
1431,2833,39.167497352629724,39.0,0,2833,39.167497352629724,39.0,2023-05,0.0,0.0
1555,13316,33.92739411234605,34.0,0,13316,33.92739411234605,34.0,2023-05,0.0,0.0
1564,20517,8.432246917190623,8.0,0,20517,8.432246917190623,8.0,2023-05,0.0,0.0
1589,4509,2.849724994455533,2.85,0,4509,2.849724994455533,2.85,2023-05,0.0,0.0
1,18384,9.363395343777198,9.4,0,18384,9.363395343777198,9.4,2023-06,0.0,0.0
94,12789,14.811943076081008,13.49,0,12789,14.811943076081008,13.49,2023-06,0.0,0.0
103,6377,8.495667241649679,8.0,0,6377,8.495667241649679,8.0,2023-06,0.0,0.0
114,23726,4.809184017533507,4.5,0,23726,4.809184017533507,4.5,2023-06,0.0,0.0
129,23700,5.834119831223629,5.99,0,23700,5.834119831223629,5.99,2023-06,0.0,0.0
193,2550,8.886560784313726,8.9,0,2550,8.886560784313726,8.9,2023-06,0.0,0.0
904,1145,30.98156331877729,30.8,0,1145,30.98156331877729,30.8,2023-06,0.0,0.0
917,3792,3.643633966244726,3.6,0,3792,3.643633966244726,3.6,2023-06,0.0,0.0
918,7785,2.499960179833012,2.5,0,7785,2.499960179833012,2.5,2023-06,0.0,0.0
1111,7945,12.439551919446194,12.3,0,7945,12.439551919446194,12.3,2023-06,0.0,0.0
1131,18070,3.566206419479801,3.5,0,18070,3.566206419479801,3.5,2023-06,0.0,0.0
1431,3272,39.36610635696821,39.0,0,3272,39.36610635696821,39.0,2023-06,0.0,0.0
1555,15434,33.19275301282882,32.99,0,15434,33.19275301282882,32.99,2023-06,0.0,0.0
1564,23473,9.484939717973841,9.3,0,23473,9.484939717973841,9.3,2023-06,0.0,0.0
1589,4305,2.849656213704994,2.85,0,4305,2.849656213704994,2.85,2023-06,0.0,0.0
1,19876,9.057821996377541,9.39,0,19876,9.057821996377541,9.39,2023-07,0.0,0.0
94,14482,14.923301339593978,13.99,0,14482,14.923301339593978,13.99,2023-07,0.0,0.0
103,6586,8.439032796841786,8.0,0,6586,8.439032796841786,8.0,2023-07,0.0,0.0
114,25142,6.527845437912656,6.49,0,25142,6.527845437912656,6.49,2023-07,0.0,0.0
129,26066,5.813100590807949,5.99,0,26066,5.813100590807949,5.99,2023-07,0.0,0.0
193,3263,8.905675758504444,8.9,0,3263,8.905675758504444,8.9,2023-07,0.0,0.0
904,1242,32.39190821256039,32.0,0,1242,32.39190821256039,32.0,2023-07,0.0,0.0
917,4719,3.618978597160415,3.6,0,4719,3.618978597160415,3.6,2023-07,0.0,0.0
918,7963,2.5001645108627404,2.5,0,7963,2.5001645108627404,2.5,2023-07,0.0,0.0
1111,7635,12.518120497707924,12.3,0,7635,12.518120497707924,12.3,2023-07,0.0,0.0
1131,20788,3.696108331729844,3.6,0,20788,3.696108331729844,3.6,2023-07,0.0,0.0
1431,2761,38.9099891343716,39.0,0,2761,38.9099891343716,39.0,2023-07,0.0,0.0
1555,16594,33.213603712185126,32.9,0,16594,33.213603712185126,32.9,2023-07,0.0,0.0
1564,25346,10.729599542334096,10.0,0,25346,10.729599542334096,10.0,2023-07,0.0,0.0
1589,5630,2.849548845470693,2.85,0,5630,2.849548845470693,2.85,2023-07,0.0,0.0
1,18969,8.70605356107333,8.89,0,18969,8.70605356107333,8.89,2023-08,0.0,0.0
94,14167,13.819320251288206,12.99,0,14167,13.819320251288206,12.99,2023-08,0.0,0.0
103,6627,8.477864795533424,8.0,0,6627,8.477864795533424,8.0,2023-08,0.0,0.0
114,23941,6.314719101123596,6.0,0,23941,6.314719101123596,6.0,2023-08,0.0,0.0
129,24775,5.5280480322906165,5.9,0,24775,5.5280480322906165,5.9,2023-08,0.0,0.0
193,2650,8.948603773584905,8.9,0,2650,8.948603773584905,8.9,2023-08,0.0,0.0
904,1116,33.45673835125448,33.03,0,1116,33.45673835125448,33.03,2023-08,0.0,0.0
917,3822,3.598367346938775,3.6,0,3822,3.598367346938775,3.6,2023-08,0.0,0.0
918,6752,2.4999200236966823,2.5,0,6752,2.4999200236966823,2.5,2023-08,0.0,0.0
1111,6300,12.574780952380953,12.3,0,6300,12.574780952380953,12.3,2023-08,0.0,0.0
1131,20453,3.6983327629198652,3.6,0,20453,3.6983327629198652,3.6,2023-08,0.0,0.0
1431,3110,39.15263987138264,39.0,0,3110,39.15263987138264,39.0,2023-08,0.0,0.0
1555,15920,33.43156721105528,32.9,2,15918,32.98357519788919,32.9,2023-08,-1.340026958167695,0.0
1564,24060,11.424970074812968,11.5,0,24060,11.424970074812968,11.5,2023-08,0.0,0.0
1589,4575,2.8494491803278685,2.85,0,4575,2.8494491803278685,2.85,2023-08,0.0,0.0
1,18061,8.632985438237085,8.69,0,18061,8.632985438237085,8.69,2023-09,0.0,0.0
94,13325,13.496433771106943,12.29,0,13325,13.496433771106943,12.29,2023-09,0.0,0.0
103,6528,8.431499693627451,8.0,0,6528,8.431499693627451,8.0,2023-09,0.0,0.0
114,22430,6.567197503343736,6.5,0,22430,6.567197503343736,6.5,2023-09,0.0,0.0
129,22975,5.4501318824809575,5.8,0,22975,5.4501318824809575,5.8,2023-09,0.0,0.0
193,2626,8.94057121096725,8.9,0,2626,8.94057121096725,8.9,2023-09,0.0,0.0
904,2108,39.37896584440228,40.9,0,2108,39.37896584440228,40.9,2023-09,0.0,0.0
917,3792,3.577645042194093,3.6,1,3791,3.5784858876285943,3.6,2023-09,0.023502762979132896,0.0
918,5184,2.4997029320987654,2.5,0,5184,2.4997029320987654,2.5,2023-09,0.0,0.0
1111,4748,12.565890901432184,12.3,0,4748,12.565890901432184,12.3,2023-09,0.0,0.0
1131,19622,3.63549943940475,3.59,0,19622,3.63549943940475,3.59,2023-09,0.0,0.0
1431,2988,39.14746653279786,39.0,0,2988,39.14746653279786,39.0,2023-09,0.0,0.0
1555,14878,32.48992606533136,32.0,2,14876,32.493838397418656,32.0,2023-09,0.012041677409269091,0.0
1564,23067,11.61753413968006,11.99,0,23067,11.61753413968006,11.99,2023-09,0.0,0.0
1589,3918,2.8494461459928537,2.85,0,3918,2.8494461459928537,2.85,2023-09,0.0,0.0
1,20393,8.737203452164959,8.8,0,20393,8.737203452164959,8.8,2023-10,0.0,0.0
94,14402,13.52863074572976,12.3,0,14402,13.52863074572976,12.3,2023-10,0.0,0.0
103,7039,8.431581190510016,8.0,0,7039,8.431581190510016,8.0,2023-10,0.0,0.0
114,25013,6.062045736217168,5.9,0,25013,6.062045736217168,5.9,2023-10,0.0,0.0
129,26058,5.2487147900836595,5.49,1,26057,5.248900487393024,5.49,2023-10,0.0035379577056682265,0.0
193,3290,8.92404255319149,8.9,0,3290,8.92404255319149,8.9,2023-10,0.0,0.0
904,5885,43.60194052676295,43.5,0,5885,43.60194052676295,43.5,2023-10,0.0,0.0
917,4886,3.575268112975849,3.59,0,4886,3.575268112975849,3.59,2023-10,0.0,0.0
918,5661,2.499932874050521,2.5,0,5661,2.499932874050521,2.5,2023-10,0.0,0.0
1111,5360,12.488828358208957,12.3,0,5360,12.488828358208957,12.3,2023-10,0.0,0.0
1131,21760,3.5940928308823534,3.6,0,21760,3.5940928308823534,3.6,2023-10,0.0,0.0
1431,3307,38.63202298155428,39.0,0,3307,38.63202298155428,39.0,2023-10,0.0,0.0
1555,16348,32.43891546366528,32.0,0,16348,32.43891546366528,32.0,2023-10,0.0,0.0
1564,25533,11.787762503426938,11.99,0,25533,11.787762503426938,11.99,2023-10,0.0,0.0
1589,3823,2.849489929374837,2.85,0,3823,2.849489929374837,2.85,2023-10,0.0,0.0
1,17879,8.515454443760836,8.49,0,17879,8.515454443760836,8.49,2023-11,0.0,0.0
94,12369,15.738801843317972,15.9,1,12368,15.739920763260026,15.9,2023-11,0.007109308276409543,0.0
103,6070,8.413390444810544,8.0,1,6069,8.414529576536497,8.0,2023-11,0.013539508637161468,0.0
114,22172,5.8338990618798485,5.9,1,22171,5.834122051328312,5.9,2023-11,0.0038223055643937798,0.0
129,23322,5.180462224509047,5.0,0,23322,5.180462224509047,5.0,2023-11,0.0,0.0
193,2654,8.907498116051244,8.9,0,2654,8.907498116051244,8.9,2023-11,0.0,0.0
904,6155,42.7443314378554,42.9,0,6155,42.7443314378554,42.9,2023-11,0.0,0.0
917,3959,3.5471861581207373,3.5,0,3959,3.5471861581207373,3.5,2023-11,0.0,0.0
918,4605,2.4999478827361563,2.5,0,4605,2.4999478827361563,2.5,2023-11,0.0,0.0
1111,5290,12.454060491493383,12.3,0,5290,12.454060491493383,12.3,2023-11,0.0,0.0
1131,19457,3.498843603844375,3.5,0,19457,3.498843603844375,3.5,2023-11,0.0,0.0
1431,3087,38.88080336896663,39.0,0,3087,38.88080336896663,39.0,2023-11,0.0,0.0
1555,14645,32.478132468419254,32.0,0,14645,32.478132468419254,32.0,2023-11,0.0,0.0
1564,22533,11.868504415745795,11.99,0,22533,11.868504415745795,11.99,2023-11,0.0,0.0
1589,2866,2.8493370551290997,2.85,0,2866,2.8493370551290997,2.85,2023-11,0.0,0.0
1,15962,9.019394186192207,8.99,0,15962,9.019394186192207,8.99,2023-12,0.0,0.0
94,10692,18.383208005985782,17.99,0,10692,18.383208005985782,17.99,2023-12,0.0,0.0
103,5507,8.38022335209733,7.99,0,5507,8.38022335209733,7.99,2023-12,0.0,0.0
114,19960,6.173641783567135,6.0,5,19955,6.174965672763719,6.0,2023-12,0.02144421790244433,0.0
129,20559,5.045385475947274,5.0,2,20557,5.0457800262684245,5.0,2023-12,0.007820023326887693,0.0
193,2672,8.873259730538921,8.9,0,2672,8.873259730538921,8.9,2023-12,0.0,0.0
904,5005,42.30384415584415,42.19,0,5005,42.30384415584415,42.19,2023-12,0.0,0.0
917,3922,3.5341789903110654,3.5,0,3922,3.5341789903110654,3.5,2023-12,0.0,0.0
918,4368,2.499933608058608,2.5,0,4368,2.499933608058608,2.5,2023-12,0.0,0.0
1111,5122,12.427897305739945,12.3,0,5122,12.427897305739945,12.3,2023-12,0.0,0.0
1131,17845,3.3910697674418606,3.5,0,17845,3.3910697674418606,3.5,2023-12,0.0,0.0
1431,2823,38.831710945802335,39.0,0,2823,38.831710945802335,39.0,2023-12,0.0,0.0
1555,13322,32.7295195916529,32.0,0,13322,32.7295195916529,32.0,2023-12,0.0,0.0
1564,20173,11.904708273434789,12.0,0,20173,11.904708273434789,12.0,2023-12,0.0,0.0
1589,3401,2.8499735371949426,2.85,0,3401,2.8499735371949426,2.85,2023-12,0.0,0.0
1,20484,9.072986233157586,8.99,0,20484,9.072986233157586,8.99,2024-01,0.0,0.0
94,14440,18.083387119113574,17.99,0,14440,18.083387119113574,17.99,2024-01,0.0,0.0
103,6966,8.393261556129772,8.0,0,6966,8.393261556129772,8.0,2024-01,0.0,0.0
114,25478,7.518713007300415,7.5,0,25478,7.518713007300415,7.5,2024-01,0.0,0.0
129,26085,5.128204331991566,5.0,0,26085,5.128204331991566,5.0,2024-01,0.0,0.0
193,3307,8.866114302993651,8.9,0,3307,8.866114302993651,8.9,2024-01,0.0,0.0
904,1291,41.5882958946553,40.99,0,1291,41.5882958946553,40.99,2024-01,0.0,0.0
917,4699,3.4976590763992337,3.5,0,4699,3.4976590763992337,3.5,2024-01,0.0,0.0
918,4045,2.5144820766378246,2.5,4,4041,2.499945558030191,2.5,2024-01,-0.5781118403146879,0.0
1111,6928,12.434933602771363,12.3,0,6928,12.434933602771363,12.3,2024-01,0.0,0.0
1131,23071,3.4325677257162672,3.5,0,23071,3.4325677257162672,3.5,2024-01,0.0,0.0
1431,3614,38.710688987271716,39.0,0,3614,38.710688987271716,39.0,2024-01,0.0,0.0
1555,16855,32.87678018392169,32.88,0,16855,32.87678018392169,32.88,2024-01,0.0,0.0
1564,26002,11.958923544342742,12.0,2,26000,11.959689615384615,12.0,2024-01,0.00640585282640771,0.0
1589,4581,2.8497249508840863,2.85,0,4581,2.8497249508840863,2.85,2024-01,0.0,0.0
1,18273,8.878974990423028,8.59,0,18273,8.878974990423028,8.59,2024-02,0.0,0.0
94,13091,16.408246123290812,15.99,0,13091,16.408246123290812,15.99,2024-02,0.0,0.0
103,5839,8.415684192498716,8.0,0,5839,8.415684192498716,8.0,2024-02,0.0,0.0
114,22315,7.768548958099934,7.9,0,22315,7.768548958099934,7.9,2024-02,0.0,0.0
129,22808,5.157459663276043,5.0,0,22808,5.157459663276043,5.0,2024-02,0.0,0.0
193,2726,8.87550623624358,8.9,0,2726,8.87550623624358,8.9,2024-02,0.0,0.0
904,1026,41.76206627680312,40.99,0,1026,41.76206627680312,40.99,2024-02,0.0,0.0
917,4035,3.489576208178439,3.5,0,4035,3.489576208178439,3.5,2024-02,0.0,0.0
918,1298,2.545285053929122,2.5,4,1294,2.4999845440494592,2.5,2024-02,-1.7797813965761078,0.0
1111,6216,12.429385456885457,12.3,0,6216,12.429385456885457,12.3,2024-02,0.0,0.0
1131,20344,3.318792272906016,3.49,0,20344,3.318792272906016,3.49,2024-02,0.0,0.0
1431,3073,38.7626911812561,39.0,0,3073,38.7626911812561,39.0,2024-02,0.0,0.0
1555,13930,33.22786575735822,33.0,0,13930,33.22786575735822,33.0,2024-02,0.0,0.0
1564,22597,11.4115028543612,11.0,0,22597,11.4115028543612,11.0,2024-02,0.0,0.0
1589,4057,2.8496253389203847,2.85,0,4057,2.8496253389203847,2.85,2024-02,0.0,0.0
1,18568,9.001538668677295,8.79,0,18568,9.001538668677295,8.79,2024-03,0.0,0.0
94,13591,14.641371495842838,13.99,0,13591,14.641371495842838,13.99,2024-03,0.0,0.0
103,6102,8.458677482792528,8.0,0,6102,8.458677482792528,8.0,2024-03,0.0,0.0
114,23094,5.555595825755608,5.0,9,23085,5.5573757851418675,5.0,2024-03,0.0320390367133605,0.0
129,23032,5.331087183049671,5.0,0,23032,5.331087183049671,5.0,2024-03,0.0,0.0
193,2806,8.897430506058445,8.9,0,2806,8.897430506058445,8.9,2024-03,0.0,0.0
904,1001,40.92861138861139,40.0,0,1001,40.92861138861139,40.0,2024-03,0.0,0.0
917,4123,3.486502546689304,3.5,0,4123,3.486502546689304,3.5,2024-03,0.0,0.0
918,1351,2.5217246484085862,2.5,2,1349,2.4999629355077833,2.5,2024-03,-0.8629694330241966,0.0
1111,8550,12.377781286549707,12.3,0,8550,12.377781286549707,12.3,2024-03,0.0,0.0
1131,19915,3.4213020336429825,3.5,0,19915,3.4213020336429825,3.5,2024-03,0.0,0.0
1431,3484,38.57392078071183,38.0,0,3484,38.57392078071183,38.0,2024-03,0.0,0.0
1555,15140,33.513014531043595,33.5,0,15140,33.513014531043595,33.5,2024-03,0.0,0.0
1564,23217,12.146333290261445,12.0,0,23217,12.146333290261445,12.0,2024-03,0.0,0.0
1589,4264,2.8492589118198874,2.85,0,4264,2.8492589118198874,2.85,2024-03,0.0,0.0
1,19521,8.783113057732697,8.6,0,19521,8.783113057732697,8.6,2024-04,0.0,0.0
94,14070,12.773096659559346,11.99,0,14070,12.773096659559346,11.99,2024-04,0.0,0.0
103,6172,8.533465651328582,8.0,0,6172,8.533465651328582,8.0,2024-04,0.0,0.0
114,24777,4.198218509101182,3.89,12,24765,4.199925701594993,3.89,2024-04,0.04066468884622587,0.0
129,25468,5.089536673472593,5.0,0,25468,5.089536673472593,5.0,2024-04,0.0,0.0
193,3494,8.894919862621636,8.9,0,3494,8.894919862621636,8.9,2024-04,0.0,0.0
904,6422,40.458361881033944,39.99,0,6422,40.458361881033944,39.99,2024-04,0.0,0.0
917,5550,3.4787081081081084,3.5,0,5550,3.4787081081081084,3.5,2024-04,0.0,0.0
918,1782,2.5324074074074074,2.5,3,1779,2.499971894322653,2.5,2024-04,-1.2808173357050978,0.0
1111,11720,12.182441126279862,12.3,0,11720,12.182441126279862,12.3,2024-04,0.0,0.0
1131,21557,3.296281486292156,3.5,1,21556,3.2964251252551495,3.5,2024-04,0.004357606096161426,0.0
1431,3502,38.171444888635065,38.0,0,3502,38.171444888635065,38.0,2024-04,0.0,0.0
1555,15745,33.569314703080344,33.9,0,15745,33.569314703080344,33.9,2024-04,0.0,0.0
1564,24549,11.559485518758402,11.0,0,24549,11.559485518758402,11.0,2024-04,0.0,0.0
1589,5475,2.8498283105022835,2.85,0,5475,2.8498283105022835,2.85,2024-04,0.0,0.0
1,20586,9.19680073836588,8.99,0,20586,9.19680073836588,8.99,2024-05,0.0,0.0
94,15220,12.705662286465177,10.99,0,15220,12.705662286465177,10.99,2024-05,0.0,0.0
103,6773,8.580268714011517,8.0,0,6773,8.580268714011517,8.0,2024-05,0.0,0.0
114,26321,4.149500398921013,3.9,9,26312,4.150723244147157,3.9,2024-05,0.02946969776076447,0.0
129,27167,5.250901461331763,5.0,108,27059,5.267907904948446,5.0,2024-05,0.3238766475036847,0.0
193,3642,8.90904997254256,8.9,0,3642,8.90904997254256,8.9,2024-05,0.0,0.0
904,6821,40.69544494942091,40.19,0,6821,40.69544494942091,40.19,2024-05,0.0,0.0
917,5717,3.4881826132587017,3.5,0,5717,3.4881826132587017,3.5,2024-05,0.0,0.0
918,2041,2.5083047525722684,2.5,1,2040,2.5002696078431375,2.5,2024-05,-0.32034164592205094,0.0
1111,12607,12.106613785991911,12.3,0,12607,12.106613785991911,12.3,2024-05,0.0,0.0
1131,21655,3.487864234587855,3.5,0,21655,3.487864234587855,3.5,2024-05,0.0,0.0
1431,3484,38.34054247990815,38.0,0,3484,38.34054247990815,38.0,2024-05,0.0,0.0
1555,17640,33.00818197278911,32.0,0,17640,33.00818197278911,32.0,2024-05,0.0,0.0
1564,26128,12.575757807715862,12.0,0,26128,12.575757807715862,12.0,2024-05,0.0,0.0
1589,5702,2.8493949491406525,2.85,0,5702,2.8493949491406525,2.85,2024-05,0.0,0.0
1,19428,9.49051575046325,9.3,0,19428,9.49051575046325,9.3,2024-06,0.0,0.0
94,13960,16.215148997134673,15.99,0,13960,16.215148997134673,15.99,2024-06,0.0,0.0
103,6532,8.557584200857317,8.0,0,6532,8.557584200857317,8.0,2024-06,0.0,0.0
114,24221,6.8563961025556335,6.99,0,24221,6.8563961025556335,6.99,2024-06,0.0,0.0
129,24749,5.287685158996323,5.0,31,24718,5.293075086981148,5.0,2024-06,0.10193360275343455,0.0
193,2183,8.911708657810353,8.9,0,2183,8.911708657810353,8.9,2024-06,0.0,0.0
904,6429,40.56563229118059,39.99,0,6429,40.56563229118059,39.99,2024-06,0.0,0.0
917,3410,3.479483870967742,3.5,0,3410,3.479483870967742,3.5,2024-06,0.0,0.0
918,1157,2.499974070872947,2.5,0,1157,2.499974070872947,2.5,2024-06,0.0,0.0
1111,9519,11.948991490702804,12.0,0,9519,11.948991490702804,12.0,2024-06,0.0,0.0
1131,20912,3.446626817138485,3.49,0,20912,3.446626817138485,3.49,2024-06,0.0,0.0
1431,2802,38.36892933618844,39.0,0,2802,38.36892933618844,39.0,2024-06,0.0,0.0
1555,16815,32.323995837050255,31.99,1,16814,32.325901629594384,31.99,2024-06,0.0058959064149544105,0.0
1564,24344,12.498755340124877,12.0,0,24344,12.498755340124877,12.0,2024-06,0.0,0.0
1589,3442,2.8497762928529924,2.85,0,3442,2.8497762928529924,2.85,2024-06,0.0,0.0
1,20433,8.786658346791954,8.5,0,20433,8.786658346791954,8.5,2024-07,0.0,0.0
94,15632,16.026729785056293,15.0,0,15632,16.026729785056293,15.0,2024-07,0.0,0.0
103,7128,8.625718294051628,8.0,0,7128,8.625718294051628,8.0,2024-07,0.0,0.0
114,25268,7.072473484248853,6.99,0,25268,7.072473484248853,6.99,2024-07,0.0,0.0
129,26838,5.165700499292049,5.0,0,26838,5.165700499292049,5.0,2024-07,0.0,0.0
193,3638,8.908188565145684,8.9,0,3638,8.908188565145684,8.9,2024-07,0.0,0.0
904,7038,40.60711565785735,39.99,0,7038,40.60711565785735,39.99,2024-07,0.0,0.0
917,5577,3.4713268782499553,3.5,1,5576,3.4718830703012915,3.5,2024-07,0.01602246261569462,0.0
918,1984,2.50710685483871,2.5,1,1983,2.499974785678265,2.5,2024-07,-0.28447408002095775,0.0
1111,9120,11.479464912280703,11.4,0,9120,11.479464912280703,11.4,2024-07,0.0,0.0
1131,23069,3.457302007022411,3.5,0,23069,3.457302007022411,3.5,2024-07,0.0,0.0
1431,3045,38.39991133004926,38.0,0,3045,38.39991133004926,38.0,2024-07,0.0,0.0
1555,17494,32.28807419686749,31.9,0,17494,32.28807419686749,31.9,2024-07,0.0,0.0
1564,25777,12.429024324009777,12.0,0,25777,12.429024324009777,12.0,2024-07,0.0,0.0
1589,5820,2.8494690721649483,2.85,0,5820,2.8494690721649483,2.85,2024-07,0.0,0.0
1,17914,8.29548286256559,7.9,0,17914,8.29548286256559,7.9,2024-08,0.0,0.0
94,14416,16.35865912874584,15.99,0,14416,16.35865912874584,15.99,2024-08,0.0,0.0
103,6639,8.719468293417684,8.0,0,6639,8.719468293417684,8.0,2024-08,0.0,0.0
114,22773,5.045141615070478,4.49,0,22773,5.045141615070478,4.49,2024-08,0.0,0.0
129,23388,4.976062938258936,4.99,2,23386,4.9764038313520915,4.99,2024-08,0.006850658791601738,0.0
193,2249,8.920969319697644,8.9,0,2249,8.920969319697644,8.9,2024-08,0.0,0.0
904,6033,40.44617271672468,39.99,0,6033,40.44617271672468,39.99,2024-08,0.0,0.0
917,3394,3.470156157925751,3.5,0,3394,3.470156157925751,3.5,2024-08,0.0,0.0
918,1080,2.5,2.5,0,1080,2.5,2.5,2024-08,0.0,0.0
1111,7727,11.46644881584056,11.4,0,7727,11.46644881584056,11.4,2024-08,0.0,0.0
1131,20158,3.4352996329000893,3.5,0,20158,3.4352996329000893,3.5,2024-08,0.0,0.0
1431,2888,38.41804362880886,38.0,0,2888,38.41804362880886,38.0,2024-08,0.0,0.0
1555,15144,32.618662176439514,32.0,1,15143,32.62051244799577,32.0,2024-08,0.0056724323831858214,0.0
1564,22557,12.459453828079976,12.8,0,22557,12.459453828079976,12.8,2024-08,0.0,0.0
1589,3590,2.849208913649025,2.85,0,3590,2.849208913649025,2.85,2024-08,0.0,0.0
1,21246,8.509651228466534,8.29,0,21246,8.509651228466534,8.29,2024-09,0.0,0.0
94,17080,15.275104215456674,14.99,0,17080,15.275104215456674,14.99,2024-09,0.0,0.0
103,7675,8.668870358306188,8.0,0,7675,8.668870358306188,8.0,2024-09,0.0,0.0
114,26640,4.5659725975975975,4.0,10,26630,4.567405557641758,4.0,2024-09,0.03138345694220224,0.0
129,27841,4.756218885815883,4.99,0,27841,4.756218885815883,4.99,2024-09,0.0,0.0
193,3701,8.939202918130235,8.9,0,3701,8.939202918130235,8.9,2024-09,0.0,0.0
904,7163,40.22329889711015,39.99,0,7163,40.22329889711015,39.99,2024-09,0.0,0.0
917,5510,3.4423520871143376,3.4,0,5510,3.4423520871143376,3.4,2024-09,0.0,0.0
918,1717,2.5,2.5,0,1717,2.5,2.5,2024-09,0.0,0.0
1111,8613,11.4147614071752,11.4,1,8612,11.415959126799814,11.4,2024-09,0.010492725882649268,0.0
1131,24173,3.395428370496008,3.49,1,24172,3.395550637100778,3.49,2024-09,0.0036009183946417167,0.0
1431,3358,38.41298987492555,38.0,0,3358,38.41298987492555,38.0,2024-09,0.0,0.0
1555,17500,33.318909142857144,32.99,0,17500,33.318909142857144,32.99,2024-09,0.0,0.0
1564,26862,12.449882733973643,12.5,0,26862,12.449882733973643,12.5,2024-09,0.0,0.0
1589,6031,2.849330127673686,2.85,0,6031,2.849330127673686,2.85,2024-09,0.0,0.0
1,22055,9.112373158014057,8.9,0,22055,9.112373158014057,8.9,2024-10,0.0,0.0
94,17467,14.145751416957692,13.9,0,17467,14.145751416957692,13.9,2024-10,0.0,0.0
103,7654,8.71692448392997,8.0,1,7653,8.709570103227492,8.0,2024-10,-0.08436898491017697,0.0
114,27445,4.805939879759519,4.49,0,27445,4.805939879759519,4.49,2024-10,0.0,0.0
129,28065,4.6570308213076785,4.9,0,28065,4.6570308213076785,4.9,2024-10,0.0,0.0
193,2943,8.950975195378865,8.9,0,2943,8.950975195378865,8.9,2024-10,0.0,0.0
904,7727,40.5794033907079,39.99,0,7727,40.5794033907079,39.99,2024-10,0.0,0.0
917,4507,3.44334146882627,3.4,0,4507,3.44334146882627,3.4,2024-10,0.0,0.0
918,1370,2.5,2.5,0,1370,2.5,2.5,2024-10,0.0,0.0
1111,9908,11.405461243439644,11.4,0,9908,11.405461243439644,11.4,2024-10,0.0,0.0
1131,24638,3.354741050409936,3.3,0,24638,3.354741050409936,3.3,2024-10,0.0,0.0
1431,3552,38.22900619369369,38.0,0,3552,38.22900619369369,38.0,2024-10,0.0,0.0
1555,17965,33.40485499582521,32.99,0,17965,33.40485499582521,32.99,2024-10,0.0,0.0
1564,27344,12.386663619075483,12.0,0,27344,12.386663619075483,12.0,2024-10,0.0,0.0
1589,5005,2.8492807192807192,2.85,0,5005,2.8492807192807192,2.85,2024-10,0.0,0.0
1,20367,9.010790985417588,8.89,0,20367,9.010790985417588,8.89,2024-11,0.0,0.0
94,15041,14.810014626687055,14.0,0,15041,14.810014626687055,14.0,2024-11,0.0,0.0
103,5874,9.129637385086824,8.0,1,5873,9.130962029627106,8.0,2024-11,0.014509278785235225,0.0
114,24966,4.759665945686133,4.5,4,24962,4.760322089576156,4.5,2024-11,0.013785502964069885,0.0
129,26461,4.522365745814596,4.5,0,26461,4.522365745814596,4.5,2024-11,0.0,0.0
193,2943,8.963632347944275,8.9,1,2942,8.936801495581237,8.9,2024-11,-0.2993301300358575,0.0
904,6920,40.03343930635838,39.99,0,6920,40.03343930635838,39.99,2024-11,0.0,0.0
917,4553,3.444315835712717,3.45,0,4553,3.444315835712717,3.45,2024-11,0.0,0.0
918,1228,2.499975570032573,2.5,0,1228,2.499975570032573,2.5,2024-11,0.0,0.0
1111,10638,11.36214231998496,11.4,0,10638,11.36214231998496,11.4,2024-11,0.0,0.0
1131,23027,3.354026143223173,3.2,1,23026,3.352000347433336,3.2,2024-11,-0.06039892664313484,0.0
1431,3283,37.662851050868106,38.0,0,3283,37.662851050868106,38.0,2024-11,0.0,0.0
1555,16311,33.573104653301456,33.0,2,16309,33.576961800233,33.0,2024-11,0.011488800250614162,0.0
1564,25435,12.44012659720857,12.0,0,25435,12.44012659720857,12.0,2024-11,0.0,0.0
1589,4991,2.84963133640553,2.85,0,4991,2.84963133640553,2.85,2024-11,0.0,0.0
1,21878,8.789365572721454,8.59,0,21878,8.789365572721454,8.59,2024-12,0.0,0.0
94,16836,15.439726775956284,15.0,0,16836,15.439726775956284,15.0,2024-12,0.0,0.0
103,6030,9.692316749585405,9.0,1,6029,9.693758500580527,9.0,2024-12,0.014875194779251366,0.0
114,26281,5.779212739241276,5.69,14,26267,5.781764952221418,5.69,2024-12,0.04416194895910941,0.0
129,28318,4.290963344868988,4.0,1,28317,4.291109580817177,4.0,2024-12,0.003407998074922425,0.0
193,2953,8.954510667118186,8.9,0,2953,8.954510667118186,8.9,2024-12,0.0,0.0
904,7372,39.77667525773196,39.9,0,7372,39.77667525773196,39.9,2024-12,0.0,0.0
917,4538,3.4290788893785806,3.4,0,4538,3.4290788893785806,3.4,2024-12,0.0,0.0
918,1238,2.5,2.5,0,1238,2.5,2.5,2024-12,0.0,0.0
1111,12293,11.371131538273815,11.4,3,12290,11.373562245728236,11.4,2024-12,0.021376126432448572,0.0
1131,25086,3.2635358367216774,3.19,1,25085,3.2636543751245766,3.19,2024-12,0.003632207790249531,0.0
1431,3476,36.981101841196775,38.0,0,3476,36.981101841196775,38.0,2024-12,0.0,0.0
1555,17499,33.59105720326876,33.0,1,17498,33.571831637901475,33.0,2024-12,-0.05723417768885852,0.0
1564,27218,12.574315893893747,12.5,0,27218,12.574315893893747,12.5,2024-12,0.0,0.0
1589,5045,2.8494013875123883,2.85,0,5045,2.8494013875123883,2.85,2024-12,0.0,0.0
1,21093,8.926746313943013,8.79,0,21093,8.926746313943013,8.79,2025-01,0.0,0.0
94,16814,15.014939336267396,14.99,1,16813,15.015654553024445,14.99,2025-01,0.00476336761030538,0.0
103,6013,10.000635290204556,9.2,1,6012,10.002207252162341,9.2,2025-01,0.015718620989257914,0.0
114,25564,8.032218745110312,7.99,2,25562,8.032769736327362,7.99,2025-01,0.006859763591293699,0.0
129,27635,4.219494481635607,3.99,0,27635,4.219494481635607,3.99,2025-01,0.0,0.0
193,3547,8.953301381449112,8.9,0,3547,8.953301381449112,8.9,2025-01,0.0,0.0
904,7167,39.77632621738524,38.88,1,7166,39.78133547306726,38.88,2025-01,0.012593560437546003,0.0
917,5607,3.4835848047084,3.4,1,5606,3.4274812700677844,3.4,2025-01,-1.6105115214874677,0.0
918,1643,2.5000243457090687,2.5,0,1643,2.5000243457090687,2.5,2025-01,0.0,0.0
1111,12976,11.32620376078915,11.4,0,12976,11.32620376078915,11.4,2025-01,0.0,0.0
1131,25185,3.280184633710542,3.2,0,25185,3.280184633710542,3.2,2025-01,0.0,0.0
1431,3308,36.737950423216446,38.0,0,3308,36.737950423216446,38.0,2025-01,0.0,0.0
1555,16332,33.998369458731325,34.0,1,16331,34.00011144449207,34.0,2025-01,0.005123733250966822,0.0
1564,26664,12.262362736273628,11.9,5,26659,12.264407142053342,11.9,2025-01,0.01667220113841239,0.0
1589,6323,2.8939949391111814,2.85,1,6322,2.849712116418855,2.85,2025-01,-1.5301624095419797,0.0
1,18562,9.09068149983838,8.99,0,18562,9.09068149983838,8.99,2025-02,0.0,0.0
94,14102,15.36700326194866,15.0,0,14102,15.36700326194866,15.0,2025-02,0.0,0.0
103,5055,10.461291790306628,9.95,0,5055,10.461291790306628,9.95,2025-02,0.0,0.0
114,22582,7.324063413338057,7.0,0,22582,7.324063413338057,7.0,2025-02,0.0,0.0
129,24223,4.199793584609669,3.99,1,24222,4.198728841549005,3.99,2025-02,-0.0253522712298504,0.0
193,2853,8.978724150017525,8.9,0,2853,8.978724150017525,8.9,2025-02,0.0,0.0
904,6093,39.78149351715083,38.99,0,6093,39.78149351715083,38.99,2025-02,0.0,0.0
917,4553,3.4187217219415773,3.4,1,4552,3.4111906854130054,3.4,2025-02,-0.22028808253790055,0.0
918,1234,2.5,2.5,0,1234,2.5,2.5,2025-02,0.0,0.0
1111,11485,11.407487157161516,11.4,1,11484,11.311824277255312,11.4,2025-02,-0.838597305333344,0.0
1131,22276,3.3012838929789905,3.2,1,22275,3.2902985409652072,3.2,2025-02,-0.33275999186699323,0.0
1431,2962,36.349972991222145,38.0,0,2962,36.349972991222145,38.0,2025-02,0.0,0.0
1555,13448,34.68489069006544,34.99,0,13448,34.68489069006544,34.99,2025-02,0.0,0.0
1564,23252,12.3084577670738,11.9,1,23251,12.308910584490988,11.9,2025-02,0.0036789127099146057,0.0
1589,5184,2.8495891203703705,2.85,0,5184,2.8495891203703705,2.85,2025-02,0.0,0.0
1,21098,9.126625746516257,8.99,0,21098,9.126625746516257,8.99,2025-03,0.0,0.0
94,16067,14.672050787328063,14.0,0,16067,14.672050787328063,14.0,2025-03,0.0,0.0
103,6196,10.864083279535183,10.0,0,6196,10.864083279535183,10.0,2025-03,0.0,0.0
114,26491,7.071206447472727,6.5,2,26489,7.0716655970402815,6.5,2025-03,0.006493228149473396,0.0
129,28174,4.0764144246468375,3.99,0,28174,4.0764144246468375,3.99,2025-03,0.0,0.0
193,3527,9.026555146016445,8.95,0,3527,9.026555146016445,8.95,2025-03,0.0,0.0
904,6940,38.880184438040345,38.9,0,6940,38.880184438040345,38.9,2025-03,0.0,0.0
917,5527,3.3899728605029855,3.3,0,5527,3.3899728605029855,3.3,2025-03,0.0,0.0
918,1777,2.500016882386044,2.5,0,1777,2.500016882386044,2.5,2025-03,0.0,0.0
1111,14246,10.257016706443913,11.4,0,14246,10.257016706443913,11.4,2025-03,0.0,0.0
1131,24903,3.2336602015821385,3.2,6,24897,3.234318994256336,3.2,2025-03,0.02037297159036555,0.0
1431,3644,35.83929473106476,38.0,0,3644,35.83929473106476,38.0,2025-03,0.0,0.0
1555,16038,35.29247350043646,35.0,0,16038,35.29247350043646,35.0,2025-03,0.0,0.0
1564,27001,12.001696603829489,11.0,1,27000,12.002104074074074,11.0,2025-03,0.003395105359160766,0.0
1589,6366,2.8496685516808045,2.85,0,6366,2.8496685516808045,2.85,2025-03,0.0,0.0
1,20182,8.844966802100881,8.79,0,20182,8.844966802100881,8.79,2025-04,0.0,0.0
94,15594,13.30808772604848,12.0,0,15594,13.30808772604848,12.0,2025-04,0.0,0.0
103,5608,11.528061697574893,10.36,0,5608,11.528061697574893,10.36,2025-04,0.0,0.0
114,25127,5.135724121462968,5.0,2,25125,5.136054129353234,5.0,2025-04,0.006425732427617348,0.0
129,26447,3.978926532309903,3.99,0,26447,3.978926532309903,3.99,2025-04,0.0,0.0
193,2753,9.384471485652016,9.0,1,2752,9.091733284883722,9.0,2025-04,-3.1193893147404617,0.0
904,6454,39.071981716764796,37.99,0,6454,39.071981716764796,37.99,2025-04,0.0,0.0
917,4527,3.39112215595317,3.3,0,4527,3.39112215595317,3.3,2025-04,0.0,0.0
918,1482,2.49997975708502,2.5,0,1482,2.49997975708502,2.5,2025-04,0.0,0.0
1111,11384,8.551461700632466,7.99,1,11383,8.552089958710358,7.99,2025-04,0.007346791693474408,0.0
1131,22877,3.1741491454299076,3.2,0,22877,3.1741491454299076,3.2,2025-04,0.0,0.0
1431,3064,36.02860966057441,38.0,0,3064,36.02860966057441,38.0,2025-04,0.0,0.0
1555,15130,34.61652015862525,34.0,1,15129,34.61861061537445,34.0,2025-04,0.006038899171900702,0.0
1564,25294,11.79017711710287,11.0,3,25291,11.79143727017516,11.0,2025-04,0.010688160659300117,0.0
1589,5227,2.8491065620815,2.85,1,5226,2.8496039035591276,2.85,2025-04,0.017456050407060886,0.0
1,21542,9.337447312227278,9.19,0,21542,9.337447312227278,9.19,2025-05,0.0,0.0
94,17486,12.884225094361204,11.0,0,17486,12.884225094361204,11.0,2025-05,0.0,0.0
103,6963,11.482300732442912,10.0,1,6962,11.472459063487502,10.0,2025-05,-0.08571164599097125,0.0
114,27362,4.890783568452599,4.29,1,27361,4.890944409926538,4.29,2025-05,0.0032886647239216416,0.0
129,28487,4.0270449678800855,3.99,0,28487,4.0270449678800855,3.99,2025-05,0.0,0.0
193,3432,9.154108391608393,9.1,0,3432,9.154108391608393,9.1,2025-05,0.0,0.0
904,7127,39.03920022449839,38.49,1,7126,39.04417344934045,38.49,2025-05,0.012739054113453108,0.0
917,5699,3.386878399719249,3.3,0,5699,3.386878399719249,3.3,2025-05,0.0,0.0
918,2118,2.4999763928234184,2.5,0,2118,2.4999763928234184,2.5,2025-05,0.0,0.0
1111,14221,9.637829266577597,9.3,1,14220,9.638416315049227,9.3,2025-05,0.006091086025628023,0.0
1131,23943,3.2294524495677233,3.05,1,23942,3.2183518503049036,3.05,2025-05,-0.3437300730130155,0.0
1431,3374,36.16388263189093,38.0,0,3374,36.16388263189093,38.0,2025-05,0.0,0.0
1555,17419,33.43368907514783,32.99,0,17419,33.43368907514783,32.99,2025-05,0.0,0.0
1564,27418,12.070976730614923,12.0,1,27417,12.07134442134442,12.0,2025-05,0.0030460727222347828,0.0
1589,6636,2.849347498493068,2.85,0,6636,2.849347498493068,2.85,2025-05,0.0,0.0
1,18689,8.891838514634276,8.99,1,18688,8.845225278253425,8.99,2025-06,-0.5242249541996813,0.0
94,14457,15.16120287749879,15.0,0,14457,15.16120287749879,15.0,2025-06,0.0,0.0
103,6466,11.461599133931333,10.36,0,6466,11.461599133931333,10.36,2025-06,0.0,0.0
114,24006,4.595131217195701,3.99,0,24006,4.595131217195701,3.99,2025-06,0.0,0.0
129,24724,4.108318233295583,3.99,1,24723,4.08421550782672,3.99,2025-06,-0.5866810724039051,0.0
193,2806,9.222084818246614,9.2,0,2806,9.222084818246614,9.2,2025-06,0.0,0.0
904,6335,37.590692975532754,37.59,1,6334,37.59602778654878,37.59,2025-06,0.01419184003736973,0.0
917,4515,3.3742126245847177,3.3,0,4515,3.3742126245847177,3.3,2025-06,0.0,0.0
918,1704,2.4999882629107977,2.5,0,1704,2.4999882629107977,2.5,2025-06,0.0,0.0
1111,12812,10.782738058070558,10.89,1,12811,10.69459370853173,10.89,2025-06,-0.8174579505142887,0.0
1131,21380,3.1755846585594014,3.0,0,21380,3.1755846585594014,3.0,2025-06,0.0,0.0
1431,2301,36.40048674489353,38.0,0,2301,36.40048674489353,38.0,2025-06,0.0,0.0
1555,15377,33.09455745594069,32.0,0,15377,33.09455745594069,32.0,2025-06,0.0,0.0
1564,23988,11.6180235951309,11.9,1,23987,11.614339016967525,11.9,2025-06,-0.03171432845875399,0.0
1589,5304,2.849590874811463,2.85,0,5304,2.849590874811463,2.85,2025-06,0.0,0.0
1,23870,8.3452387934646,7.9,0,23870,8.3452387934646,7.9,2025-07,0.0,0.0
94,20130,14.517730253353204,13.99,1,20129,14.518377465348502,13.99,2025-07,0.0044580797686988305,0.0
103,5121,11.389154462019137,10.5,0,5121,11.389154462019137,10.5,2025-07,0.0,0.0
114,31110,4.931740919318547,4.69,2,31108,4.932048347691913,4.69,2025-07,0.006233668361632638,0.0
129,32341,4.109785411706503,3.99,1,32340,4.109898577612864,3.99,2025-07,0.0027535721460747453,0.0
193,3233,9.228512217754407,9.2,0,3233,9.228512217754407,9.2,2025-07,0.0,0.0
904,6354,36.83287535410765,36.5,0,6354,36.83287535410765,36.5,2025-07,0.0,0.0
917,5441,3.3643778717147588,3.3,1,5440,3.359316176470588,3.3,2025-07,-0.150449665203356,0.0
918,2105,2.500152019002375,2.5,0,2105,2.500152019002375,2.5,2025-07,0.0,0.0
1111,16686,10.676325062927004,10.79,1,16685,10.676881030866047,10.79,2025-07,0.0052074841836224905,0.0
1131,28362,3.1330043720471052,2.99,1,28361,3.133100736927471,2.99,2025-07,0.0030757978260576024,0.0
1431,2093,36.73320592451027,38.0,0,2093,36.73320592451027,38.0,2025-07,0.0,0.0
1555,20189,33.14201842587548,32.0,0,20189,33.14201842587548,32.0,2025-07,0.0,0.0
1564,31241,10.549851157133254,10.0,2,31239,10.55042767054003,10.0,2025-07,0.005464659151943607,0.0
1589,6380,2.8516661442006273,2.85,0,6380,2.8516661442006273,2.85,2025-07,0.0,0.0
1,25907,8.197093449646815,7.79,0,25907,8.197093449646815,7.79,2025-08,0.0,0.0
94,22898,14.596047689754563,13.99,1,22897,14.593562475433462,13.99,2025-08,-0.01702662511061659,0.0
103,1488,11.122399193548388,10.38,0,1488,11.122399193548388,10.38,2025-08,0.0,0.0
114,34212,4.981023909739273,4.59,1,34211,4.981146122592149,4.59,2025-08,0.002453568886440216,0.0
129,36004,3.9830396622597495,3.99,0,36004,3.9830396622597495,3.99,2025-08,0.0,0.0
193,4487,9.268493425451304,9.2,0,4487,9.268493425451304,9.2,2025-08,0.0,0.0
904,2024,36.789006916996044,36.5,0,2024,36.789006916996044,36.5,2025-08,0.0,0.0
917,7635,3.344497707924034,3.3,0,7635,3.344497707924034,3.3,2025-08,0.0,0.0
918,2908,2.502926409903714,2.5,0,2908,2.502926409903714,2.5,2025-08,0.0,0.0
1111,17969,11.4400606600256,11.4,3,17966,11.441729934320383,11.4,2025-08,0.014591481150239005,0.0
1131,31391,3.134009429454302,3.0,1,31390,3.1340997132844857,3.0,2025-08,0.0028807772349148664,0.0
1431,509,35.82943025540275,37.0,0,509,35.82943025540275,37.0,2025-08,0.0,0.0
1555,22131,33.61045501784827,32.99,1,22130,33.61168007230005,32.99,2025-08,0.0036448612526385205,0.0
1564,34787,9.845926351798084,9.9,1,34786,9.8462056574484,9.9,2025-08,0.0028367635541259872,0.0
1589,9022,2.849932387497229,2.85,0,9022,2.849932387497229,2.85,2025-08,0.0,0.0
1,22316,8.51039254346657,8.09,0,22316,8.51039254346657,8.09,2025-09,0.0,0.0
94,19677,14.558454032626926,14.0,0,19677,14.558454032626926,14.0,2025-09,0.0,0.0
103,1181,11.089898391193904,10.38,0,1181,11.089898391193904,10.38,2025-09,0.0,0.0
114,29130,5.069523171987641,4.59,2,29128,5.055383823125515,4.59,2025-09,-0.27890885163036616,0.0
129,30680,3.878129400260756,3.99,1,30679,3.878239512370025,3.99,2025-09,0.0028393098296719543,0.0
193,3499,9.285584452700773,9.2,0,3499,9.285584452700773,9.2,2025-09,0.0,0.0
904,1476,36.73065718157182,36.5,0,1476,36.73065718157182,36.5,2025-09,0.0,0.0
917,5897,3.339757503815499,3.3,0,5897,3.339757503815499,3.3,2025-09,0.0,0.0
918,2201,2.5129032258064514,2.5,1,2200,2.5,2.5,2025-09,-0.5134788189987138,0.0
1111,14026,13.028523456438045,12.9,0,14026,13.028523456438045,12.9,2025-09,0.0,0.0
1131,27054,3.136580542618467,2.99,0,27054,3.136580542618467,2.99,2025-09,0.0,0.0
1431,411,35.87664233576642,37.0,0,411,35.87664233576642,37.0,2025-09,0.0,0.0
1555,19128,33.62597239648682,32.99,1,19127,33.62757358707586,32.99,2025-09,0.004761767392635896,0.0
1564,29691,9.570081169377927,9.0,1,29690,9.570376894577299,9.0,2025-09,0.0030901012660011773,0.0
1589,7091,2.8568142716119027,2.85,2,7089,2.8495796304133165,2.85,2025-09,-0.25324156598056646,0.0
1,25671,8.789853531222,8.5,2,25669,8.787387510226344,8.5,2025-10,-0.028055313855879227,0.0
94,22006,14.313738071435063,13.99,0,22006,14.313738071435063,13.99,2025-10,0.0,0.0
103,1170,11.086350427350428,10.36,0,1170,11.086350427350428,10.36,2025-10,0.0,0.0
114,33390,5.084212039532794,4.99,29,33361,5.0877710500284765,4.99,2025-10,0.07000122079900972,0.0
129,35178,3.7898823128091426,3.9,2,35176,3.789212531271321,3.9,2025-10,-0.017672884869213146,0.0
193,3571,9.297037244469337,9.2,0,3571,9.297037244469337,9.2,2025-10,0.0,0.0
904,1556,36.65602827763496,36.0,0,1556,36.65602827763496,36.0,2025-10,0.0,0.0
917,6017,3.3229134119993353,3.3,0,6017,3.3229134119993353,3.3,2025-10,0.0,0.0
918,2406,2.5005818786367415,2.5,0,2406,2.5005818786367415,2.5,2025-10,0.0,0.0
1111,18165,13.215034957335535,13.2,1,18164,13.21568872495045,13.2,2025-10,0.004947150098555397,0.0
1131,31001,3.0918205864326955,2.99,16,30985,3.092473132160723,2.99,2025-10,0.021105549619893083,0.0
1431,411,35.51452554744525,37.0,0,411,35.51452554744525,37.0,2025-10,0.0,0.0
1555,22502,33.4192511776731,32.99,0,22502,33.4192511776731,32.99,2025-10,0.0,0.0
1564,34140,9.497239894551846,8.99,3,34137,9.498001288924042,8.99,2025-10,0.008017006842520047,0.0
1589,7286,2.84951825418611,2.85,0,7286,2.84951825418611,2.85,2025-10,0.0,0.0
1,24656,9.143080386112914,8.9,0,24656,9.143080386112914,8.9,2025-11,0.0,0.0
94,21607,14.486119775998521,13.99,5,21602,14.48902138690862,13.99,2025-11,0.020030283850802633,0.0
103,1154,11.1013431542461,10.38,0,1154,11.1013431542461,10.38,2025-11,0.0,0.0
114,32531,5.1596775383480376,4.99,8,32523,5.16070442456108,4.99,2025-11,0.019902139337379943,0.0
129,34007,3.7745452406857414,3.5,2,34005,3.7409486840170567,3.5,2025-11,-0.8900822357763238,0.0
193,3646,9.303623148656062,9.2,0,3646,9.303623148656062,9.2,2025-11,0.0,0.0
904,1629,36.56995089011664,36.0,0,1629,36.56995089011664,36.0,2025-11,0.0,0.0
917,6169,3.3173934187064353,3.29,0,6169,3.3173934187064353,3.29,2025-11,0.0,0.0
918,2331,2.5001716001716,2.5,0,2331,2.5001716001716,2.5,2025-11,0.0,0.0
1111,18280,10.836112144420131,10.5,1,18279,10.836650254390284,10.5,2025-11,0.004965895175135238,0.0
1131,29994,3.0700293392011737,2.99,162,29832,3.0840463260927864,2.99,2025-11,0.4565750142068614,0.0
1431,412,35.428300970873785,36.0,0,412,35.428300970873785,36.0,2025-11,0.0,0.0
1555,21734,33.370496917272476,32.99,1,21733,33.37188515161275,32.99,2025-11,0.004160064933156349,0.0
1564,33012,9.485278080697928,8.99,0,33012,9.485278080697928,8.99,2025-11,0.0,0.0
1589,7284,2.849526359143328,2.85,0,7284,2.849526359143328,2.85,2025-11,0.0,0.0
1,25320,8.85695102685624,8.59,1,25319,8.857265689798176,8.59,2025-12,0.003552723064426111,0.0
94,21208,17.801553658996603,17.9,1,21207,17.802298769274294,17.9,2025-12,0.004185647455079433,0.0
103,1184,10.961081081081081,10.36,0,1184,10.961081081081081,10.36,2025-12,0.0,0.0
114,33060,6.464638535995161,6.0,3,33057,6.4631049399522045,6.0,2025-12,-0.023722842884676965,0.0
129,34541,3.6603497293072,3.5,5,34536,3.6598407458883484,3.5,2025-12,-0.013905322072815807,0.0
193,3728,9.311054184549356,9.2,0,3728,9.311054184549356,9.2,2025-12,0.0,0.0
904,1599,36.52131332082552,36.1,0,1599,36.52131332082552,36.1,2025-12,0.0,0.0
917,6065,3.3149563066776584,3.29,0,6065,3.3149563066776584,3.29,2025-12,0.0,0.0
918,2450,2.500269387755102,2.5,0,2450,2.500269387755102,2.5,2025-12,0.0,0.0
1111,17037,11.972594940423784,12.4,0,17037,11.972594940423784,12.4,2025-12,0.0,0.0
1131,30412,3.0831763777456267,2.99,0,30412,3.0831763777456267,2.99,2025-12,0.0,0.0
1431,387,35.259328165374676,36.0,0,387,35.259328165374676,36.0,2025-12,0.0,0.0
1555,21937,33.885818024342434,33.9,3,21934,33.89023479529498,33.9,2025-12,0.013034275723766697,0.0
1564,33811,9.494275235869983,8.99,1,33810,9.49452647145815,8.99,2025-12,0.002646179744369981,0.0
1589,7171,2.8493027471761265,2.85,0,7171,2.8493027471761265,2.85,2025-12,0.0,0.0
