date,premise_code,item_code,price,source_month,is_supporting_period
2022-12-27,20759,1,8.99,2022-12,True
2022-12-27,20759,1,8.99,2022-12,True
2022-12-27,20759,94,13.99,2022-12,True
2022-12-27,20759,94,13.99,2022-12,True
2022-12-27,20759,114,4.99,2022-12,True
2022-12-27,20759,114,4.99,2022-12,True
2022-12-27,20759,129,3.99,2022-12,True
2022-12-27,20759,129,3.99,2022-12,True
2022-12-27,20759,1131,2.79,2022-12,True
2022-12-27,20759,1131,2.79,2022-12,True
2022-12-27,20759,1564,5.99,2022-12,True
2022-12-27,20759,1564,5.99,2022-12,True
2022-12-28,20759,1,9.29,2022-12,True
2022-12-28,20759,1,9.29,2022-12,True
2022-12-28,20759,94,13.99,2022-12,True
2022-12-28,20759,94,13.99,2022-12,True
2022-12-28,20759,114,7.59,2022-12,True
2022-12-28,20759,114,7.59,2022-12,True
2022-12-28,20759,129,3.99,2022-12,True
2022-12-28,20759,129,3.99,2022-12,True
2022-12-28,20759,1111,12.3,2022-12,True
2022-12-28,20759,1111,12.3,2022-12,True
2022-12-28,20759,1131,2.79,2022-12,True
2022-12-28,20759,1131,2.79,2022-12,True
2022-12-28,20759,1564,5.99,2022-12,True
2022-12-28,20759,1564,5.99,2022-12,True
2022-12-29,20759,1,9.29,2022-12,True
2022-12-29,20759,1,9.29,2022-12,True
2022-12-29,20759,94,13.99,2022-12,True
2022-12-29,20759,94,13.99,2022-12,True
2022-12-29,20759,114,7.59,2022-12,True
2022-12-29,20759,114,7.59,2022-12,True
2022-12-29,20759,129,3.79,2022-12,True
2022-12-29,20759,129,3.79,2022-12,True
2022-12-29,20759,1131,2.79,2022-12,True
2022-12-29,20759,1131,2.79,2022-12,True
2022-12-29,20759,1564,5.99,2022-12,True
2022-12-29,20759,1564,5.99,2022-12,True
2022-12-30,20759,1,9.29,2022-12,True
2022-12-30,20759,1,9.29,2022-12,True
2022-12-30,20759,94,13.99,2022-12,True
2022-12-30,20759,94,13.99,2022-12,True
2022-12-30,20759,114,7.59,2022-12,True
2022-12-30,20759,114,7.59,2022-12,True
2022-12-30,20759,129,3.79,2022-12,True
2022-12-30,20759,129,3.79,2022-12,True
2022-12-30,20759,1131,2.79,2022-12,True
2022-12-30,20759,1131,2.79,2022-12,True
2022-12-30,20759,1564,5.99,2022-12,True
2022-12-30,20759,1564,5.99,2022-12,True
2022-12-31,20759,1,9.29,2022-12,True
2022-12-31,20759,1,9.29,2022-12,True
2022-12-31,20759,94,13.99,2022-12,True
2022-12-31,20759,94,13.99,2022-12,True
2022-12-31,20759,114,8.29,2022-12,True
2022-12-31,20759,114,8.29,2022-12,True
2022-12-31,20759,129,3.79,2022-12,True
2022-12-31,20759,129,3.79,2022-12,True
2022-12-31,20759,1131,2.79,2022-12,True
2022-12-31,20759,1131,2.79,2022-12,True
2022-12-31,20759,1564,5.99,2022-12,True
2022-12-31,20759,1564,5.99,2022-12,True
