"state","sample","matched_premises","premises_with_increases","percent_with_increases","median_shop_change_pct"
"Johor","all_matched",162,142,87.7,100.00
"Johor","at_least_4_days",103,100,97.1,139.39
"Kedah","all_matched",56,52,92.9,77.52
"Kedah","at_least_4_days",49,48,98.0,78.57
"Kelantan","all_matched",84,77,91.7,99.86
"Kelantan","at_least_4_days",65,63,96.9,106.55
"Melaka","all_matched",25,24,96.0,100.00
"Melaka","at_least_4_days",18,18,100.0,100.00
"Negeri Sembilan","all_matched",37,36,97.3,100.00
"Negeri Sembilan","at_least_4_days",31,31,100.0,113.04
"Pahang","all_matched",113,101,89.4,113.71
"Pahang","at_least_4_days",79,76,96.2,150.50
"Perak","all_matched",93,92,98.9,85.71
"Perak","at_least_4_days",80,80,100.0,100.00
"Perlis","all_matched",23,20,87.0,97.50
"Perlis","at_least_4_days",16,15,93.8,83.33
"Pulau Pinang","all_matched",81,77,95.1,100.00
"Pulau Pinang","at_least_4_days",71,71,100.0,100.00
"Sabah","all_matched",96,23,24.0,0.00
"Sabah","at_least_4_days",78,20,25.6,0.00
"Sarawak","all_matched",98,49,50.0,2.31
"Sarawak","at_least_4_days",79,41,51.9,7.15
"Selangor","all_matched",85,84,98.8,100.33
"Selangor","at_least_4_days",73,73,100.0,114.61
"Terengganu","all_matched",83,78,94.0,112.45
"Terengganu","at_least_4_days",53,51,96.2,117.06
"W.P. Kuala Lumpur","all_matched",124,117,94.4,97.14
"W.P. Kuala Lumpur","at_least_4_days",96,92,95.8,97.14
"W.P. Labuan","all_matched",8,2,25.0,0.00
"W.P. Labuan","at_least_4_days",7,2,28.6,0.00
"W.P. Putrajaya","all_matched",21,18,85.7,75.56
"W.P. Putrajaya","at_least_4_days",9,9,100.0,112.50
